Postcode,All people,Males,Females,Lives in a household,Lives in a communal establishment,Schoolchild or full-time student aged 4 and over at their non term-time address,Area (hectares),Density (number of persons per hectare)
AB10 1,"2,284","1,184","1,100","2,280",4,13,73,31.13
AB10 6,"10,737","5,446","5,291","10,594",143,88,166,64.57
AB10 7,"8,987","4,322","4,665","8,800",187,46,224,40.08
AB11 5,"1,855","1,005",850,"1,854",1,15,123,15.08
AB11 6,"6,424","3,490","2,934","6,149",275,27,74,86.99
AB11 7,"2,616","1,345","1,271","2,590",26,32,61,42.62
AB11 8,"6,821","3,366","3,455","6,589",232,17,111,61.19
AB11 9,"3,471","1,799","1,672","3,426",45,7,141,24.6
AB12 3 (part) Aberdeen City,"8,171","4,033","4,138","8,111",60,27,"1,354",6.04
AB12 3 (part) Aberdeenshire,149,74,75,149,-,6,70,2.13
AB12 4,"8,109","4,022","4,087","8,050",59,42,"1,545",5.25
AB12 5 (part) Aberdeen City,"7,699","3,601","4,098","7,652",47,15,183,42.15
AB12 5 (part) Aberdeenshire,"1,426",711,715,"1,356",70,55,"4,106",0.35
AB13 0,"2,640","1,294","1,346","2,511",129,73,744,3.55
AB14 0 (part) Aberdeen City,"5,060","2,465","2,595","4,894",166,73,"2,087",2.43
AB15 4,"4,388","2,229","2,159","4,312",76,121,128,34.29
AB15 5,"3,886","1,894","1,992","3,871",15,82,86,44.97
AB15 6,"5,755","2,768","2,987","5,664",91,34,196,29.43
AB15 7,"5,121","2,418","2,703","5,117",4,49,156,32.73
AB15 8 (part) Aberdeen City,"9,030","4,336","4,694","8,870",160,104,"2,263",3.99
AB15 8 (part) Aberdeenshire,150,71,79,150,-,2,545,0.28
AB15 9,"7,297","3,558","3,739","6,962",335,208,"1,525",4.78
AB16 5,"10,245","4,819","5,426","10,217",28,25,183,55.88
AB16 6,"7,806","3,683","4,123","7,806",-,14,130,60.06
AB16 7,"11,194","5,429","5,765","11,107",87,37,200,55.99
AB21 0 (part) Aberdeen City,467,227,240,467,-,7,"1,949",0.24
AB21 0 (part) Aberdeenshire,"7,841","3,909","3,932","7,838",3,67,"7,595",1.03
AB21 7 (part) Aberdeen City,"5,617","2,752","2,865","5,519",98,16,601,9.34
AB21 7 (part) Aberdeenshire,395,204,191,395,-,3,"1,545",0.26
AB21 9,"8,012","3,936","4,076","7,778",234,31,"1,829",4.38
AB22 8,"16,331","8,064","8,267","16,088",243,75,"1,432",11.4
AB23 8 (part) Aberdeen City,"6,185","3,104","3,081","6,102",83,17,"1,464",4.22
AB23 8 (part) Aberdeenshire,"5,082","2,584","2,498","5,052",30,31,"5,080",1
AB24 1,"6,770","3,293","3,477","4,665","2,105",42,227,29.82
AB24 2,"7,422","3,793","3,629","7,375",47,17,143,51.83
AB24 3,"6,991","3,672","3,319","6,214",777,45,135,51.71
AB24 4,"6,365","3,109","3,256","6,349",16,18,118,53.73
AB24 5,"8,749","4,363","4,386","7,382","1,367",33,153,57.12
AB25 1,"6,025","2,970","3,055","4,703","1,322",40,60,100.7
AB25 2,"6,405","3,269","3,136","6,281",124,66,156,41.02
AB25 3,"5,967","3,086","2,881","5,944",23,16,90,66.07
AB30 1 (part) Aberdeenshire,"7,165","3,580","3,585","7,069",96,92,"28,978",0.25
AB30 1 (part) Angus,64,34,30,57,7,-,559,0.11
AB31 4,"4,627","2,278","2,349","4,499",128,136,"16,156",0.29
AB31 5 (part) Aberdeenshire,"8,655","4,261","4,394","8,615",40,191,"6,802",1.27
AB31 6,"2,048","1,020","1,028","2,046",2,74,"30,679",0.07
AB32 6 (part) Aberdeenshire,"12,032","5,856","6,176","11,970",62,128,"5,482",2.19
AB32 7,858,421,437,858,-,13,"4,118",0.21
AB33 8,"5,340","2,700","2,640","5,300",40,95,"30,594",0.17
AB34 4,"1,202",605,597,"1,149",53,15,"6,509",0.18
AB34 5,"4,172","2,033","2,139","4,112",60,96,"28,260",0.15
AB35 5,"2,643","1,293","1,350","2,534",109,44,"100,980",0.03
AB36 8,471,249,222,468,3,10,"25,003",0.02
AB37 9 (part) Moray,"1,519",783,736,"1,515",4,16,"53,365",0.03
AB38 7,"2,166","1,053","1,113","2,159",7,28,"14,596",0.15
AB38 9,"2,461","1,200","1,261","2,417",44,48,"7,977",0.31
AB39 2,"11,602","5,637","5,965","11,419",183,146,"3,532",3.28
AB39 3,"6,049","3,015","3,034","6,046",3,70,"17,611",0.34
AB41 6,"2,966","1,499","1,467","2,960",6,50,"6,785",0.44
AB41 7,"4,935","2,480","2,455","4,935",-,73,"12,253",0.4
AB41 8,"4,999","2,539","2,460","4,989",10,50,"18,230",0.27
AB41 9,"7,873","3,807","4,066","7,750",123,54,314,25.11
AB42 0,"3,363","1,677","1,686","3,331",32,28,"7,490",0.45
AB42 1,"9,303","4,646","4,657","9,117",186,40,293,31.73
AB42 2,"8,454","4,166","4,288","8,259",195,41,390,21.68
AB42 3,"4,153","2,113","2,040","4,128",25,35,"8,332",0.5
AB42 4,"3,737","1,890","1,847","3,732",5,36,"10,426",0.36
AB42 5,"4,739","2,293","2,446","4,738",1,61,"9,527",0.5
AB43 6,"3,214","1,614","1,600","3,208",6,12,"12,633",0.25
AB43 7,"4,066","2,038","2,028","4,065",1,25,"8,261",0.49
AB43 8,"4,409","2,149","2,260","4,352",57,51,"8,357",0.53
AB43 9,"12,309","6,033","6,276","12,144",165,93,388,31.7
AB44 1,"4,009","1,984","2,025","3,995",14,31,131,30.66
AB45 1,"4,016","1,935","2,081","3,937",79,31,144,27.95
AB45 2 (part) Aberdeenshire,"4,519","2,231","2,288","4,479",40,39,"10,532",0.43
AB45 3,"2,489","1,263","1,226","2,447",42,36,"15,876",0.16
AB51 0,"11,065","5,506","5,559","11,013",52,117,"16,844",0.66
AB51 3,"4,920","2,323","2,597","4,827",93,40,193,25.48
AB51 4,"6,299","3,146","3,153","6,276",23,47,185,34.03
AB51 5,"7,226","3,616","3,610","7,172",54,120,"11,091",0.65
AB51 6,671,323,348,671,-,3,80,8.43
AB51 7,"2,144","1,070","1,074","2,144",-,54,"13,195",0.16
AB51 8,"2,279","1,154","1,125","2,255",24,24,"8,402",0.27
AB52 6,"4,808","2,401","2,407","4,767",41,61,"15,986",0.3
AB53 4,"6,139","2,983","3,156","6,084",55,58,"8,715",0.7
AB53 5,"2,153","1,094","1,059","2,143",10,23,"10,409",0.21
AB53 6,"1,473",735,738,"1,449",24,11,"5,456",0.27
AB53 8,"2,792","1,407","1,385","2,750",42,43,"15,952",0.18
AB54 4 (part) Aberdeenshire,"3,178","1,605","1,573","3,176",2,49,"38,410",0.08
AB54 4 (part) Moray,69,33,36,69,-,-,"13,016",0.01
AB54 6,"1,050",523,527,"1,050",-,15,"10,627",0.1
AB54 7 (part) Aberdeenshire,"2,052","1,041","1,011","2,049",3,18,"8,320",0.25
AB54 7 (part) Moray,635,317,318,635,-,13,"4,434",0.14
AB54 8,"4,523","2,154","2,369","4,432",91,35,170,26.65
AB55 4,"2,183","1,092","1,091","2,171",12,23,"14,223",0.15
AB55 5 (part) Moray,"5,187","2,524","2,663","5,104",83,45,"6,371",0.81
AB55 6,"1,961",990,971,"1,961",-,30,"18,500",0.11
AB56 1,"8,437","4,050","4,387","8,318",119,88,504,16.74
AB56 4 (part) Aberdeenshire,167,78,89,136,31,3,"1,432",0.12
AB56 4 (part) Moray,"4,376","2,149","2,227","4,334",42,52,"2,832",1.55
AB56 5,"1,950",978,972,"1,950",-,27,"9,877",0.2
DD1 1,"1,318",741,577,"1,042",276,7,34,38.56
DD1 2,"2,109","1,076","1,033","2,000",109,6,28,74.4
DD1 3,"1,547",830,717,"1,547",-,3,70,21.96
DD1 4,"3,545","1,589","1,956","2,619",926,23,99,35.85
DD1 5,"5,200","2,580","2,620","3,193","2,007",28,67,77.94
DD10 0,"5,975","2,975","3,000","5,946",29,61,"8,641",0.69
DD10 8,"7,194","3,444","3,750","7,047",147,37,252,28.54
DD10 9,"8,780","4,361","4,419","8,742",38,70,"8,145",1.08
DD11 1,"5,851","2,859","2,992","5,777",74,26,162,36.17
DD11 2,"5,331","2,604","2,727","5,223",108,69,"6,508",0.82
DD11 3,"4,137","1,997","2,140","4,001",136,33,"2,549",1.62
DD11 4,"7,490","3,666","3,824","7,486",4,60,"6,195",1.21
DD11 5,"6,067","2,820","3,247","5,973",94,33,"3,726",1.63
DD2 1,"8,558","4,122","4,436","8,246",312,140,383,22.33
DD2 2,"8,214","3,960","4,254","8,108",106,38,206,39.84
DD2 3,"6,883","3,262","3,621","6,857",26,21,291,23.64
DD2 4,"10,458","4,896","5,562","10,284",174,28,400,26.15
DD2 5 (part) Angus,"3,576","1,721","1,855","3,576",-,48,"4,001",0.89
DD2 5 (part) Dundee City,778,372,406,666,112,5,490,1.59
DD2 5 (part) Perth & Kinross,"3,362","1,681","1,681","3,202",160,21,"1,958",1.72
DD3 0 (part) Angus,"1,353",677,676,"1,353",-,21,"3,844",0.35
DD3 0 (part) Dundee City,"6,077","2,889","3,188","6,017",60,15,171,35.46
DD3 6,"7,699","3,759","3,940","7,573",126,31,185,41.57
DD3 7,"7,043","3,641","3,402","6,985",58,17,105,67.2
DD3 8,"6,527","3,137","3,390","6,494",33,32,238,27.44
DD3 9 (part) Dundee City,"8,286","3,977","4,309","8,260",26,20,571,14.52
DD4 0 (part) Angus,"1,049",515,534,"1,049",-,3,"3,836",0.27
DD4 0 (part) Dundee City,"6,323","3,103","3,220","6,288",35,18,438,14.42
DD4 6,"6,818","3,449","3,369","6,687",131,24,81,84
DD4 7,"7,863","3,679","4,184","7,827",36,38,303,25.92
DD4 8,"10,867","5,020","5,847","10,657",210,18,405,26.82
DD4 9,"10,830","5,081","5,749","10,830",-,23,343,31.53
DD5 1,"4,679","2,143","2,536","4,534",145,44,239,19.54
DD5 2,"6,445","2,978","3,467","6,363",82,71,224,28.79
DD5 3 (part) Angus,"3,329","1,668","1,661","3,329",-,39,"5,142",0.65
DD5 3 (part) Dundee City,"9,201","4,422","4,779","9,024",177,92,604,15.23
DD5 4 (part) Angus,"8,366","3,975","4,391","8,159",207,67,276,30.32
DD6 8,"5,366","2,568","2,798","5,282",84,118,"2,778",1.93
DD6 9,"3,968","1,885","2,083","3,923",45,46,"2,445",1.62
DD7 6,"5,281","2,519","2,762","5,221",60,59,"2,139",2.47
DD7 7,"7,020","3,329","3,691","6,865",155,38,"2,384",2.94
DD8 1 (part) Angus,"7,999","3,841","4,158","7,885",114,62,"12,747",0.63
DD8 2,"7,077","3,415","3,662","7,036",41,81,"13,588",0.52
DD8 3,"6,090","3,044","3,046","5,927",163,62,"13,219",0.46
DD8 4,"4,361","2,109","2,252","4,318",43,47,"30,534",0.14
DD8 5,"3,577","1,744","1,833","3,547",30,34,"12,344",0.29
DD9 6,"5,111","2,485","2,626","5,062",49,47,"9,416",0.54
DD9 7 (part) Aberdeenshire,490,255,235,490,-,7,"1,600",0.31
DD9 7 (part) Angus,"5,423","2,636","2,787","5,367",56,53,"52,197",0.1
DG1 1,"5,971","2,921","3,050","5,920",51,76,"6,427",0.93
DG1 2,"2,593","1,249","1,344","2,580",13,13,86,30.02
DG1 3,"7,005","3,380","3,625","6,920",85,78,"9,346",0.75
DG1 4,"11,005","5,376","5,629","10,864",141,161,"12,574",0.88
DG10 9,"3,962","1,918","2,044","3,913",49,65,"31,409",0.13
DG11 1,"4,739","2,385","2,354","4,726",13,71,"22,927",0.21
DG11 2,"5,263","2,538","2,725","5,174",89,39,"24,078",0.22
DG11 3,"3,299","1,578","1,721","3,219",80,28,"14,104",0.23
DG12 5,"6,066","2,907","3,159","6,011",55,50,"5,743",1.06
DG12 6,"7,071","3,458","3,613","7,033",38,79,"4,111",1.72
DG13 0,"2,958","1,472","1,486","2,895",63,36,"43,225",0.07
DG14 0 (part) Dumfries & Galloway,"1,400",715,685,"1,390",10,21,"11,465",0.12
DG16 5,"3,984","1,949","2,035","3,955",29,22,"3,139",1.27
DG2 0,"7,666","3,695","3,971","7,592",74,77,"14,509",0.53
DG2 7,"4,966","2,329","2,637","4,920",46,88,144,34.48
DG2 8,"3,974","1,954","2,020","3,801",173,53,"25,734",0.15
DG2 9,"7,768","3,742","4,026","7,516",252,57,"7,162",1.08
DG3 4,"2,253","1,100","1,153","2,219",34,30,"32,220",0.07
DG3 5,"2,571","1,243","1,328","2,541",30,57,"16,524",0.16
DG4 6,"4,660","2,258","2,402","4,606",54,31,"27,018",0.17
DG5 4,"5,311","2,531","2,780","5,250",61,62,"9,642",0.55
DG6 4,"5,188","2,545","2,643","5,083",105,75,"19,008",0.27
DG7 1,"5,741","2,714","3,027","5,639",102,83,"12,670",0.45
DG7 2,"2,319","1,118","1,201","2,246",73,47,"30,887",0.08
DG7 3 (part) Dumfries & Galloway,"4,112","1,991","2,121","4,089",23,75,"81,498",0.05
DG8 0,"1,962",965,997,"1,957",5,23,"50,935",0.04
DG8 6 (part) Dumfries & Galloway,"4,651","2,265","2,386","4,558",93,63,"15,209",0.31
DG8 7,"1,236",615,621,"1,234",2,11,"39,452",0.03
DG8 8,"2,200","1,083","1,117","2,199",1,16,"12,591",0.17
DG8 9,"2,931","1,448","1,483","2,914",17,36,"20,898",0.14
DG9 0,"3,884","1,911","1,973","3,873",11,65,"9,876",0.39
DG9 7,"6,250","2,958","3,292","6,147",103,49,194,32.2
DG9 8,"3,820","1,832","1,988","3,816",4,44,"11,397",0.34
DG9 9,"2,395","1,186","1,209","2,391",4,29,"16,037",0.15
EH1 1,"2,622","1,307","1,315","1,898",724,7,25,105.99
EH1 2,"2,026","1,066",960,"1,833",193,4,44,46.06
EH1 3,"1,775",880,895,"1,671",104,15,38,46.24
EH10 4,"9,618","4,602","5,016","9,254",364,134,111,86.48
EH10 5,"10,973","5,265","5,708","10,634",339,290,284,38.68
EH10 6,"8,180","3,957","4,223","8,105",75,254,227,36.1
"EH10 7 (part) Edinburgh, City of","4,358","2,135","2,223","4,358",-,137,168,25.96
EH10 7 (part) Midlothian,212,107,105,212,-,5,683,0.31
EH11 1,"12,919","6,610","6,309","12,688",231,69,95,135.7
EH11 2,"9,095","4,883","4,212","9,087",8,21,110,82.58
EH11 3,"10,519","5,326","5,193","9,843",676,17,231,45.61
EH11 4,"6,759","3,348","3,411","6,696",63,10,308,21.93
EH12 0,73,38,35,73,-,9,426,0.17
EH12 5,"7,246","3,547","3,699","7,161",85,74,208,34.79
EH12 6,"5,257","2,459","2,798","4,870",387,165,327,16.08
EH12 7,"10,280","4,776","5,504","10,162",118,64,181,56.95
EH12 8,"12,007","5,850","6,157","12,007",-,169,321,37.4
EH12 9,"3,748","1,888","1,860","3,748",-,34,"1,499",2.5
EH13 0,"6,906","3,473","3,433","6,526",380,200,"1,313",5.26
EH13 9,"7,727","3,580","4,147","7,700",27,53,184,41.99
EH14 1,"9,535","4,570","4,965","9,494",41,101,270,35.28
EH14 2,"9,241","4,637","4,604","9,234",7,39,251,36.82
EH14 3,"5,632","2,734","2,898","5,595",37,27,104,54.18
EH14 4,"1,814","1,134",680,304,"1,510",14,744,2.44
EH14 5,"8,370","4,039","4,331","8,334",36,114,357,23.43
EH14 6,171,80,91,171,-,5,828,0.21
"EH14 7 (part) Edinburgh, City of","4,899","2,395","2,504","4,874",25,81,"3,669",1.34
EH15 1,"6,343","3,020","3,323","6,310",33,64,214,29.63
EH15 2,"6,783","3,195","3,588","6,620",163,84,211,32.2
EH15 3,"7,555","3,595","3,960","7,432",123,33,357,21.17
"EH16 4 (part) Edinburgh, City of","7,062","3,412","3,650","6,967",95,31,555,12.73
EH16 5,"11,425","5,489","5,936","9,470","1,955",87,272,42.06
EH16 6,"11,079","5,173","5,906","10,729",350,102,626,17.7
EH17 7,"8,670","4,206","4,464","8,512",158,32,168,51.7
"EH17 8 (part) Edinburgh, City of","9,902","4,671","5,231","9,859",43,36,807,12.28
EH18 1 (part) Midlothian,"2,187","1,028","1,159","2,063",124,38,785,2.78
EH19 2,"5,650","2,686","2,964","5,603",47,16,127,44.56
EH19 3,"8,254","3,939","4,315","8,189",65,32,980,8.42
EH2 1,204,104,100,204,-,1,16,12.86
EH2 2,190,109,81,154,36,1,32,5.99
EH2 3,154,81,73,154,-,6,6,26.21
EH2 4,291,160,131,246,45,2,15,20
EH20 9,"6,294","3,018","3,276","6,215",79,14,264,23.84
EH21 6,"10,449","4,931","5,518","10,427",22,73,243,43.06
EH21 7,"6,823","3,138","3,685","6,503",320,54,226,30.16
EH21 8 (part) East Lothian,"7,649","3,549","4,100","6,791",858,25,"1,313",5.82
"EH21 8 (part) Edinburgh, City of",366,165,201,366,-,5,56,6.54
EH22 1 (part) Midlothian,"5,599","2,674","2,925","5,564",35,40,937,5.98
EH22 2 (part) East Lothian,77,37,40,77,-,1,343,0.22
EH22 2 (part) Midlothian,"6,426","3,087","3,339","6,426",-,20,"1,840",3.49
EH22 3,"3,653","1,741","1,912","3,437",216,56,418,8.73
EH22 4,"7,282","3,554","3,728","7,273",9,23,267,27.32
EH22 5,"6,458","3,127","3,331","6,452",6,18,118,54.72
EH23 4 (part) Midlothian,"7,999","3,870","4,129","7,927",72,36,"10,766",0.74
EH24 9,"1,677",809,868,"1,659",18,8,"1,251",1.34
EH25 9,"2,899","1,399","1,500","2,890",9,31,"1,182",2.45
EH26 0,"7,002","3,391","3,611","6,792",210,61,"2,591",2.7
EH26 8 (part) Midlothian,"6,125","2,969","3,156","6,097",28,33,"4,099",1.49
EH26 9 (part) Midlothian,"3,840","1,877","1,963","3,830",10,43,"3,230",1.19
EH26 9 (part) Scottish Borders,156,73,83,155,1,7,"1,057",0.15
"EH27 8 (part) Edinburgh, City of",174,87,87,174,-,5,"1,107",0.16
EH27 8 (part) West Lothian,"2,671","1,311","1,360","2,653",18,29,"7,864",0.34
EH28 8,"2,659","1,294","1,365","2,659",-,28,794,3.35
"EH29 9 (part) Edinburgh, City of","3,660","1,764","1,896","3,652",8,24,"1,080",3.39
EH3 5,"6,772","3,279","3,493","6,712",60,99,176,38.49
EH3 6,"5,940","2,987","2,953","5,918",22,110,55,108.7
EH3 7,"1,289",688,601,"1,279",10,26,22,58.09
EH3 8,"2,515","1,377","1,138","2,210",305,9,28,88.96
EH3 9,"8,195","4,019","4,176","6,870","1,325",52,101,80.88
"EH30 9 (part) Edinburgh, City of","9,479","4,625","4,854","9,457",22,112,"2,510",3.78
EH31 2,"2,568","1,214","1,354","2,527",41,51,104,24.76
EH32 0,"9,914","4,839","5,075","9,888",26,134,"3,652",2.71
EH32 9,"9,140","4,409","4,731","9,140",-,41,193,47.25
EH33 1,"5,923","2,918","3,005","5,837",86,29,"2,428",2.44
EH33 2,"8,118","3,933","4,185","8,118",-,50,"1,383",5.87
EH34 5,"2,540","1,251","1,289","2,484",56,65,"3,636",0.7
EH35 5,"2,221","1,100","1,121","2,221",-,17,"1,246",1.78
EH36 5,383,193,190,383,-,17,"3,266",0.12
EH37 5 (part) Midlothian,"1,630",795,835,"1,628",2,24,"5,831",0.28
EH38 5,406,207,199,406,-,13,"8,219",0.05
EH39 4,"5,790","2,743","3,047","5,640",150,139,277,20.94
EH39 5,"3,026","1,489","1,537","3,016",10,97,"7,928",0.38
EH4 1,"7,205","3,428","3,777","6,745",460,81,112,64.24
EH4 2,"9,760","4,607","5,153","9,748",12,114,234,41.65
EH4 3,"5,841","2,834","3,007","5,683",158,170,203,28.81
EH4 4,"10,524","5,167","5,357","10,512",12,27,146,72.24
EH4 5,"4,527","2,175","2,352","4,484",43,55,299,15.16
EH4 6,"5,869","2,816","3,053","5,811",58,143,385,15.25
EH4 7,"7,475","3,517","3,958","7,429",46,59,167,44.74
EH4 8,"2,659","1,283","1,376","2,659",-,49,66,40.09
EH40 3,"2,111","1,011","1,100","2,104",7,49,"1,885",1.12
EH41 3,"5,464","2,646","2,818","5,378",86,77,"2,529",2.16
EH41 4,"6,505","3,182","3,323","6,485",20,131,"21,388",0.3
EH42 1,"10,810","5,194","5,616","10,594",216,137,"13,570",0.8
EH43 6,848,434,414,844,4,7,"4,607",0.18
EH44 6,"3,369","1,642","1,727","3,338",31,43,"11,886",0.28
EH45 8,"5,390","2,581","2,809","5,304",86,95,"15,755",0.34
EH45 9,"5,173","2,508","2,665","5,141",32,117,"10,445",0.5
EH46 7 (part) Scottish Borders,"3,121","1,512","1,609","3,045",76,80,"16,331",0.19
EH46 7 (part) South Lanarkshire,255,123,132,255,-,10,"1,264",0.2
EH47 0,"6,742","3,196","3,546","6,656",86,19,"2,446",2.76
EH47 7,"6,877","3,275","3,602","6,872",5,19,656,10.48
EH47 8,"8,256","4,052","4,204","8,217",39,32,"1,441",5.73
EH47 9 (part) West Lothian,"4,923","2,399","2,524","4,873",50,11,"2,093",2.35
EH48 1,"7,107","3,446","3,661","7,092",15,39,"1,286",5.53
EH48 2,"15,240","7,422","7,818","15,099",141,56,"1,292",11.8
EH48 3 (part) North Lanarkshire,69,37,32,69,-,-,"1,560",0.04
EH48 3 (part) West Lothian,"8,459","4,098","4,361","8,446",13,30,"2,935",2.88
EH48 4,"5,391","2,667","2,724","5,382",9,41,"2,755",1.96
EH49 6 (part) Falkirk,897,442,455,897,-,5,460,1.95
EH49 6 (part) West Lothian,"7,565","3,732","3,833","7,527",38,130,"3,357",2.25
EH49 7 (part) Falkirk,521,265,256,516,5,5,"1,693",0.31
EH49 7 (part) West Lothian,"7,868","3,839","4,029","7,775",93,123,979,8.04
EH5 1,"6,836","3,289","3,547","6,770",66,26,196,34.89
EH5 2,"7,211","3,451","3,760","7,087",124,45,134,53.7
EH5 3,"5,500","2,621","2,879","5,429",71,125,107,51.43
EH51 0,"6,511","3,185","3,326","6,457",54,22,325,20.02
EH51 9,"8,587","4,215","4,372","8,553",34,67,743,11.56
EH52 5 (part) West Lothian,"9,004","4,369","4,635","8,904",100,27,"1,686",5.34
EH52 6 (part) West Lothian,"10,851","5,294","5,557","10,630",221,43,"4,508",2.41
"EH53 0 (part) Edinburgh, City of",142,76,66,142,-,4,620,0.23
EH53 0 (part) West Lothian,"9,673","4,678","4,995","9,670",3,57,665,14.54
EH54 5,"7,676","3,778","3,898","7,605",71,25,231,33.27
EH54 6,"21,159","10,178","10,981","20,917",242,96,646,32.78
EH54 7,"3,242","1,595","1,647","3,238",4,23,377,8.59
EH54 8,"15,121","7,430","7,691","15,111",10,75,689,21.95
EH54 9,"7,660","3,860","3,800","7,604",56,124,705,10.87
EH55 8 (part) South Lanarkshire,353,174,179,353,-,2,"1,804",0.2
EH55 8 (part) West Lothian,"8,473","4,365","4,108","7,906",567,41,"5,811",1.46
EH6 4,"8,961","4,448","4,513","8,804",157,96,110,81.21
EH6 5,"7,233","3,614","3,619","7,203",30,31,84,86.61
EH6 6,"7,760","4,073","3,687","7,659",101,27,146,53.22
EH6 7,"4,949","2,469","2,480","4,812",137,25,281,17.61
EH6 8,"10,226","5,050","5,176","10,207",19,38,76,134.95
EH7 4,"9,374","4,595","4,779","9,259",115,27,114,82.03
EH7 5,"12,164","6,058","6,106","12,026",138,43,109,111.7
EH7 6,"12,697","6,118","6,579","12,582",115,56,266,47.68
EH8 7,"10,667","5,157","5,510","10,647",20,65,176,60.55
EH8 8,"3,819","1,943","1,876","3,553",266,8,299,12.79
EH8 9,"9,655","4,616","5,039","8,718",937,38,73,132.01
EH9 1,"12,839","6,002","6,837","12,196",643,140,102,126.1
EH9 2,"6,555","3,091","3,464","6,284",271,154,149,43.92
EH9 3,"3,721","1,787","1,934","3,611",110,44,151,24.68
FK1 1,"3,565","1,714","1,851","3,565",-,12,163,21.89
FK1 2 (part) Falkirk,"7,743","3,741","4,002","7,741",2,31,"2,961",2.62
FK1 2 (part) West Lothian,118,51,67,93,25,-,306,0.39
FK1 3 (part) Falkirk,"1,940",951,989,"1,923",17,2,"5,605",0.35
FK1 4,"7,227","3,545","3,682","7,148",79,18,202,35.73
FK1 5,"8,636","4,189","4,447","8,523",113,73,284,30.37
FK10 1,"6,451","3,152","3,299","6,442",9,31,283,22.77
FK10 2,"15,224","7,281","7,943","15,177",47,105,755,20.16
FK10 3 (part) Clackmannanshire,"8,953","4,618","4,335","8,154",799,45,"6,077",1.47
FK10 4 (part) Clackmannanshire,"3,588","1,725","1,863","3,582",6,17,"1,267",2.83
FK10 4 (part) Fife,"3,001","1,465","1,536","2,951",50,19,"2,193",1.37
FK11 7,"2,804","1,356","1,448","2,764",40,25,86,32.78
FK12 5,"4,773","2,279","2,494","4,770",3,44,163,29.33
FK13 6,"6,129","3,017","3,112","6,107",22,68,"3,915",1.57
FK14 7 (part) Clackmannanshire,"3,416","1,630","1,786","3,339",77,128,"2,927",1.17
FK14 7 (part) Perth & Kinross,718,360,358,710,8,16,"6,109",0.12
FK15 0 (part) Perth & Kinross,314,151,163,314,-,6,"1,313",0.24
FK15 0 (part) Stirling,"4,830","2,325","2,505","4,505",325,113,"4,505",1.07
FK15 9 (part) Perth & Kinross,842,417,425,842,-,6,"9,377",0.09
FK15 9 (part) Stirling,"4,742","2,257","2,485","4,728",14,113,"5,792",0.82
FK16 6,"1,934",966,968,"1,929",5,58,"6,757",0.29
FK17 8,"3,666","1,746","1,920","3,516",150,47,"22,261",0.16
FK18 8,236,112,124,227,9,4,"5,691",0.04
FK19 8 (part) Stirling,549,264,285,517,32,8,"20,149",0.03
FK2 0,"16,286","8,206","8,080","15,637",649,93,"2,756",5.91
FK2 7,"11,072","5,456","5,616","10,928",144,38,312,35.45
FK2 8 (part) Falkirk,"8,522","4,180","4,342","8,386",136,56,"3,564",2.39
FK2 9,"11,000","5,308","5,692","10,935",65,23,671,16.41
FK20 8 (part) Stirling,402,200,202,340,62,3,"25,229",0.02
FK21 8 (part) Stirling,970,475,495,909,61,16,"27,038",0.04
FK3 0,"4,998","2,398","2,600","4,980",18,18,112,44.74
FK3 8,"7,090","3,340","3,750","7,086",4,13,392,18.1
FK3 9,"5,285","2,599","2,686","5,255",30,16,167,31.63
FK4 1,"9,727","4,718","5,009","9,570",157,39,701,13.88
FK4 2 (part) Falkirk,"3,818","1,879","1,939","3,787",31,14,"2,674",1.43
FK5 3,"4,870","2,343","2,527","4,792",78,26,238,20.45
FK5 4 (part) Falkirk,"14,317","6,931","7,386","14,173",144,79,"1,203",11.9
FK6 5 (part) Falkirk,"7,862","3,843","4,019","7,842",20,44,"2,746",2.86
FK6 5 (part) Stirling,79,38,41,79,-,1,"1,415",0.06
FK6 6 (part) Falkirk,"5,404","2,649","2,755","5,386",18,13,"1,606",3.36
FK7 0,"7,032","3,356","3,676","7,011",21,31,156,44.95
FK7 7 (part) Falkirk,112,53,59,112,-,3,159,0.7
FK7 7 (part) Stirling,"10,772","5,234","5,538","10,751",21,29,"2,908",3.7
FK7 8,"6,289","3,009","3,280","6,131",158,47,"2,743",2.29
FK7 9,"7,138","3,410","3,728","7,133",5,91,"6,657",1.07
FK8 1,"8,476","4,071","4,405","8,110",366,46,267,31.71
FK8 2,"3,892","1,869","2,023","3,730",162,82,168,23.23
FK8 3,"5,950","2,914","3,036","5,831",119,139,"37,540",0.16
FK9 4,"7,389","3,496","3,893","5,245","2,144",128,"4,393",1.68
FK9 5 (part) Stirling,"6,449","2,990","3,459","5,843",606,55,"2,140",3.01
G1 1,"3,878","2,082","1,796","2,854","1,024",11,24,163.55
G1 2,377,211,166,377,-,1,22,17.08
G1 3,259,139,120,259,-,1,6,40.96
G1 4,713,450,263,709,4,1,10,69.11
G1 5,"2,057","1,249",808,"1,939",118,5,44,47.16
G11 5,"6,582","3,097","3,485","6,576",6,28,49,135.15
G11 6,"5,062","2,543","2,519","5,035",27,12,87,58.04
G11 7,"9,309","4,468","4,841","9,225",84,47,104,89.76
G12 0,"9,475","4,495","4,980","8,589",886,82,222,42.68
G12 8,"5,923","2,740","3,183","5,620",303,29,74,80.24
G12 9,"8,779","4,254","4,525","8,768",11,82,94,93.18
G13 1,"8,847","4,243","4,604","8,805",42,78,210,42.21
G13 2,"7,852","3,616","4,236","7,754",98,22,150,52.49
G13 3,"9,833","4,724","5,109","9,762",71,23,193,51.07
G13 4 (part) Glasgow City,"6,386","3,011","3,375","6,206",180,20,115,55.42
G14 0 (part) Glasgow City,"8,332","3,929","4,403","8,319",13,13,207,40.33
G14 0 (part) West Dunbartonshire,85,34,51,85,-,1,1,104.68
G14 9,"10,168","4,965","5,203","10,141",27,90,168,60.64
G15 6,"6,404","3,021","3,383","6,284",120,18,159,40.37
G15 7,"5,791","2,604","3,187","5,708",83,10,145,39.99
G15 8,"4,842","2,186","2,656","4,842",-,9,192,25.21
G2 1,109,48,61,109,-,-,3,36.93
G2 3,725,396,329,699,26,1,12,60.57
G2 4,440,209,231,436,4,2,25,17.93
G2 5,104,56,48,98,6,-,29,3.58
G2 6,78,42,36,78,-,-,1,62.13
G2 7,564,366,198,564,-,2,4,134.74
G2 8,737,432,305,713,24,-,46,16.1
G20 0,"7,228","3,350","3,878","6,960",268,24,246,29.39
G20 6,"6,227","3,020","3,207","6,176",51,30,57,108.85
G20 7,"6,261","3,112","3,149","4,824","1,437",17,91,68.74
G20 8,"6,781","3,444","3,337","6,776",5,9,82,82.56
G20 9,"4,355","1,983","2,372","4,096",259,7,116,37.67
G21 1,"5,398","2,692","2,706","5,369",29,17,190,28.42
G21 2,"6,046","2,976","3,070","5,993",53,13,206,29.36
G21 3,"10,025","4,663","5,362","9,778",247,28,303,33.12
G21 4,"7,456","3,455","4,001","7,437",19,12,167,44.55
G22 5,"4,822","2,313","2,509","4,685",137,10,138,34.91
G22 6,"6,889","3,160","3,729","6,878",11,15,190,36.19
G22 7,"6,271","2,877","3,394","6,226",45,4,156,40.12
G23 5 (part) Glasgow City,"7,135","3,261","3,874","7,135",-,8,826,8.64
G3 6,"5,338","2,747","2,591","5,117",221,17,74,72.42
G3 7,"3,884","2,086","1,798","3,868",16,11,42,92.13
G3 8,"8,444","4,243","4,201","7,241","1,203",22,162,52.02
G31 1,"3,590","1,762","1,828","3,590",-,3,67,53.56
G31 2,"7,687","3,863","3,824","7,562",125,12,65,118.93
G31 3,"5,790","2,786","3,004","5,751",39,10,123,47.07
G31 4,"5,063","2,521","2,542","5,059",4,5,144,35.22
G31 5,"2,276","1,049","1,227","2,248",28,7,47,48.64
G32 0,"6,899","3,236","3,663","6,779",120,18,204,33.89
G32 6,"7,025","3,166","3,859","6,861",164,9,203,34.55
G32 7,"7,075","3,359","3,716","7,075",-,10,113,62.52
G32 8,"8,690","4,148","4,542","8,584",106,15,475,18.28
G32 9,"6,489","3,137","3,352","6,417",72,15,179,36.21
G33 1 (part) Glasgow City,"8,829","4,141","4,688","8,721",108,16,604,14.62
G33 2,"6,541","3,446","3,095","5,637",904,4,146,44.69
G33 3,"7,399","3,380","4,019","7,270",129,5,175,42.37
G33 4,"6,374","2,885","3,489","6,374",-,11,251,25.43
G33 5,"5,608","2,611","2,997","5,608",-,7,148,37.9
G33 6 (part) Glasgow City,705,339,366,705,-,1,19,37.65
G33 6 (part) North Lanarkshire,"5,929","2,893","3,036","5,929",-,16,229,25.86
G34 0,"4,215","1,952","2,263","4,137",78,2,174,24.2
G34 9,"4,210","1,939","2,271","4,171",39,5,157,26.74
G4 0,"8,070","4,067","4,003","5,006","3,064",35,185,43.73
G4 9,"4,803","2,445","2,358","4,803",-,15,101,47.4
G40 1,"3,600","1,820","1,780","3,547",53,1,84,42.75
G40 2,"2,838","1,409","1,429","2,660",178,6,72,39.26
G40 3,"2,519","1,158","1,361","2,505",14,5,114,22.12
G40 4,"2,038",975,"1,063","2,034",4,-,101,20.15
G41 1,"2,443","1,285","1,158","2,365",78,3,83,29.35
G41 2,"8,132","4,174","3,958","8,034",98,47,79,103.4
G41 3,"10,098","4,958","5,140","10,025",73,42,104,97.26
G41 4,"4,882","2,345","2,537","4,787",95,82,357,13.68
G41 5,"5,645","2,743","2,902","5,594",51,43,160,35.29
G42 0,"4,932","2,308","2,624","4,916",16,16,145,34.08
G42 7,"5,030","2,634","2,396","4,991",39,4,79,64.04
G42 8,"10,027","5,349","4,678","9,956",71,22,92,108.94
G42 9,"8,044","3,934","4,110","8,019",25,12,133,60.63
G43 1,"6,323","3,044","3,279","6,323",-,30,441,14.33
G43 2,"10,325","4,982","5,343","10,288",37,121,220,46.84
G44 3 (part) East Renfrewshire,"4,791","2,233","2,558","4,750",41,52,118,40.56
G44 3 (part) Glasgow City,"4,247","2,034","2,213","4,218",29,22,76,55.52
G44 4 (part) Glasgow City,"9,166","4,407","4,759","9,165",1,19,141,64.92
G44 4 (part) South Lanarkshire,172,93,79,172,-,1,2,80.63
G44 5,"9,990","4,745","5,245","9,990",-,40,212,47.2
G45 0,"5,851","2,682","3,169","5,711",140,18,555,10.54
G45 9,"8,970","4,062","4,908","8,880",90,10,190,47.2
G46 6,"9,198","4,354","4,844","9,114",84,121,298,30.83
G46 7 (part) East Renfrewshire,"7,188","3,438","3,750","7,135",53,55,232,30.97
G46 7 (part) Glasgow City,597,279,318,597,-,-,12,48.58
G46 8 (part) East Renfrewshire,481,232,249,481,-,3,11,42.83
G46 8 (part) Glasgow City,"9,070","4,338","4,732","9,007",63,14,159,57.21
G5 0,"7,126","3,611","3,515","6,949",177,12,169,42.28
G5 8,"1,989","1,237",752,"1,839",150,2,111,17.99
G5 9,"1,782","1,088",694,"1,545",237,4,39,45.91
G51 1,"5,665","3,043","2,622","5,549",116,13,123,46.24
G51 2,"4,371","2,170","2,201","4,273",98,9,120,36.33
G51 3,"4,890","2,498","2,392","4,813",77,4,110,44.4
G51 4 (part) Glasgow City,"7,333","3,360","3,973","7,256",77,7,344,21.3
G52 1,"7,684","3,487","4,197","7,675",9,17,278,27.62
G52 2,"10,019","4,556","5,463","10,004",15,15,233,43.09
G52 3,"8,026","3,744","4,282","7,879",147,18,166,48.4
G52 4 (part) Glasgow City,"3,960","1,797","2,163","3,912",48,4,68,58.52
G53 5,"9,335","4,279","5,056","9,273",62,19,249,37.51
G53 6,"6,916","3,213","3,703","6,911",5,15,214,32.35
G53 7 (part) Glasgow City,"15,160","7,239","7,921","14,764",396,37,786,19.29
G60 5,"5,478","2,668","2,810","5,446",32,12,242,22.64
G61 1 (part) East Dunbartonshire,"6,640","3,190","3,450","6,555",85,55,212,31.28
G61 1 (part) Glasgow City,284,138,146,284,-,3,44,6.4
G61 2,"6,230","2,990","3,240","6,198",32,66,217,28.76
G61 3,"6,149","2,993","3,156","6,140",9,94,218,28.26
G61 4,"8,218","3,953","4,265","8,121",97,136,265,31.04
G62 6 (part) East Dunbartonshire,"3,764","1,767","1,997","3,761",3,53,"1,346",2.8
G62 7,"7,313","3,516","3,797","7,313",-,71,"2,209",3.31
G62 8 (part) East Dunbartonshire,"2,488","1,189","1,299","2,488",-,32,118,21.04
G62 8 (part) Stirling,138,65,73,138,-,3,494,0.28
G63 0 (part) Stirling,"5,064","2,425","2,639","5,009",55,100,"35,087",0.14
G63 9 (part) Stirling,"4,250","2,018","2,232","4,192",58,116,"7,306",0.58
G64 1 (part) East Dunbartonshire,"11,711","5,593","6,118","11,639",72,37,316,37.02
G64 1 (part) Glasgow City,531,243,288,531,-,-,25,21.18
G64 2 (part) East Dunbartonshire,"5,663","2,714","2,949","5,639",24,20,796,7.11
G64 3,"5,579","2,693","2,886","5,579",-,34,141,39.59
G64 4,"2,917","1,428","1,489","2,917",-,38,"1,721",1.69
G65 0 (part) North Lanarkshire,"5,822","2,790","3,032","5,797",25,22,"2,835",2.05
G65 9 (part) East Dunbartonshire,"1,233",609,624,"1,233",-,2,716,1.72
G65 9 (part) North Lanarkshire,"6,290","3,022","3,268","6,279",11,24,"2,258",2.79
G66 1,"3,825","1,838","1,987","3,754",71,13,649,5.89
G66 2,"7,814","3,748","4,066","7,800",14,17,174,44.94
G66 3,"7,236","3,560","3,676","7,210",26,33,251,28.83
G66 4,"5,878","2,853","3,025","5,871",7,58,159,36.92
G66 5 (part) East Dunbartonshire,"3,583","1,747","1,836","3,583",-,27,"1,156",3.1
G66 5 (part) North Lanarkshire,861,403,458,861,-,3,"1,208",0.71
G66 7,"4,730","2,292","2,438","4,672",58,15,"5,928",0.8
G66 8 (part) East Dunbartonshire,"4,055","1,910","2,145","3,958",97,23,856,4.74
G67 1,"4,924","2,317","2,607","4,892",32,9,190,25.86
G67 2,"11,492","5,619","5,873","11,448",44,23,308,37.28
G67 3 (part) North Lanarkshire,"8,792","4,293","4,499","8,791",1,27,"2,092",4.2
G67 4,"9,652","4,680","4,972","9,571",81,37,"1,099",8.78
G68 0 (part) North Lanarkshire,"7,885","3,879","4,006","7,829",56,47,"1,760",4.48
G68 9 (part) North Lanarkshire,"10,548","5,148","5,400","10,548",-,33,426,24.74
G69 0,"7,056","3,373","3,683","7,056",-,21,350,20.18
G69 6,"9,536","4,522","5,014","9,511",25,24,244,39.03
G69 7 (part) Glasgow City,"7,084","3,392","3,692","7,026",58,16,352,20.11
G69 7 (part) North Lanarkshire,"2,790","1,331","1,459","2,771",19,4,86,32.37
G69 8 (part) Glasgow City,480,241,239,480,-,1,741,0.65
G69 8 (part) North Lanarkshire,"2,916","1,410","1,506","2,916",-,5,"1,725",1.69
G69 9 (part) North Lanarkshire,"3,639","1,718","1,921","3,598",41,7,172,21.21
G71 5,"6,686","3,184","3,502","6,686",-,16,744,8.98
G71 6 (part) North Lanarkshire,"8,081","3,909","4,172","7,946",135,29,282,28.64
G71 7 (part) Glasgow City,"1,567",784,783,"1,563",4,3,325,4.83
G71 7 (part) North Lanarkshire,60,29,31,60,-,1,9,6.67
G71 7 (part) South Lanarkshire,"5,139","2,448","2,691","5,071",68,39,211,24.31
G71 8 (part) South Lanarkshire,"6,858","3,233","3,625","6,839",19,40,566,12.11
G72 0,"9,935","4,730","5,205","9,861",74,22,"1,226",8.1
G72 6,693,351,342,693,-,-,659,1.05
G72 7,"14,290","6,944","7,346","14,269",21,27,525,27.21
G72 8,"12,472","6,035","6,437","12,244",228,56,"1,348",9.25
G72 9,"10,220","4,892","5,328","10,189",31,17,243,42.11
G73 1 (part) South Lanarkshire,"3,846","1,878","1,968","3,839",7,13,238,16.13
G73 2,"7,288","3,443","3,845","7,269",19,17,148,49.32
G73 3,"8,005","3,708","4,297","7,681",324,29,162,49.37
G73 4 (part) South Lanarkshire,"6,562","3,028","3,534","6,543",19,29,158,41.46
G73 5,"5,477","2,565","2,912","5,477",-,12,124,44.17
G74 1,"4,104","1,964","2,140","4,104",-,12,159,25.81
G74 2,"7,482","3,678","3,804","7,475",7,36,177,42.16
G74 3,"12,979","6,209","6,770","12,933",46,40,271,47.96
G74 4,"10,939","5,304","5,635","10,762",177,69,621,17.61
G74 5,"1,624",812,812,"1,624",-,20,709,2.29
G75 0,"8,610","4,054","4,556","8,584",26,25,"2,098",4.1
G75 8,"18,551","8,962","9,589","18,399",152,65,505,36.7
G75 9,"10,984","5,219","5,765","10,691",293,35,"1,842",5.96
G76 0,"4,647","2,207","2,440","4,647",-,29,"5,773",0.8
G76 7,"8,716","4,298","4,418","8,716",-,67,183,47.56
G76 8 (part) East Renfrewshire,"7,577","3,598","3,979","7,540",37,31,325,23.32
G76 9 (part) Glasgow City,"1,216",579,637,"1,216",-,12,100,12.18
G76 9 (part) South Lanarkshire,232,116,116,232,-,7,"1,106",0.21
G77 5,"11,085","5,275","5,810","11,034",51,134,746,14.86
G77 6 (part) East Renfrewshire,"12,828","6,063","6,765","12,673",155,120,"4,468",2.87
G78 1 (part) East Renfrewshire,"8,980","4,277","4,703","8,836",144,27,471,19.08
G78 2,"8,669","4,077","4,592","8,648",21,19,343,25.27
G78 3 (part) East Renfrewshire,"5,771","2,789","2,982","5,771",-,18,"3,651",1.58
G78 4 (part) East Renfrewshire,643,324,319,643,-,11,760,0.85
G81 1 (part) West Dunbartonshire,"6,016","2,843","3,173","5,963",53,18,227,26.52
G81 2,"6,849","3,254","3,595","6,786",63,11,219,31.22
G81 3,"7,005","3,246","3,759","6,977",28,15,182,38.58
G81 4,"6,789","3,279","3,510","6,620",169,9,246,27.64
G81 5 (part) West Dunbartonshire,"5,723","2,599","3,124","5,675",48,11,"2,420",2.37
G81 6,"6,678","3,210","3,468","6,678",-,15,157,42.64
G82 1,"3,957","1,908","2,049","3,886",71,11,219,18.09
G82 2,"5,888","2,817","3,071","5,823",65,23,"4,413",1.33
G82 3,"5,082","2,427","2,655","5,082",-,11,116,43.8
G82 4,"4,882","2,284","2,598","4,808",74,19,"1,712",2.85
G82 5 (part) Argyll & Bute,"2,604","1,284","1,320","2,586",18,33,"2,649",0.98
G82 5 (part) West Dunbartonshire,"3,134","1,509","1,625","3,123",11,11,80,38.95
G83 0,"6,872","3,229","3,643","6,853",19,13,266,25.84
G83 7 (part) Argyll & Bute,912,457,455,843,69,8,"17,660",0.05
G83 8 (part) Argyll & Bute,367,190,177,365,2,11,"9,092",0.04
G83 8 (part) West Dunbartonshire,"6,868","3,285","3,583","6,820",48,35,"3,570",1.92
G83 9 (part) West Dunbartonshire,"9,414","4,591","4,823","9,403",11,25,"1,806",5.21
G84 0,"5,519","3,120","2,399","4,604",915,45,"4,320",1.28
G84 7,"6,030","2,917","3,113","6,024",6,55,195,30.88
G84 8,"5,484","2,605","2,879","5,379",105,83,"3,288",1.67
G84 9,"4,801","2,333","2,468","4,658",143,100,"4,207",1.14
HS1 2,"5,329","2,489","2,840","5,098",231,73,331,16.1
HS2 0,"10,038","5,004","5,034","10,024",14,150,"60,753",0.17
HS2 9,"4,291","2,142","2,149","4,280",11,80,"111,608",0.04
HS3 3,"1,324",671,653,"1,294",30,19,"45,726",0.03
HS4 3,291,145,146,290,1,2,748,0.39
HS5 3,301,142,159,283,18,5,"2,132",0.14
HS6 5,"1,619",808,811,"1,604",15,54,"35,752",0.05
HS7 5,"1,330",681,649,"1,324",6,21,"8,628",0.15
HS8 5,"1,897",966,931,"1,875",22,41,"31,074",0.06
HS9 5,"1,264",620,644,"1,246",18,42,"9,199",0.14
IV1 1,958,514,444,942,16,7,397,2.41
IV1 3,"1,523",729,794,"1,523",-,44,"2,664",0.57
IV10 8,"2,501","1,167","1,334","2,449",52,78,"3,661",0.68
IV11 8,906,427,479,891,15,19,"2,529",0.36
IV12 4,"4,998","2,347","2,651","4,897",101,82,228,21.95
IV12 5,"7,793","3,836","3,957","7,678",115,111,"41,371",0.19
IV13 7,631,327,304,631,-,8,"42,946",0.01
IV14 9,"2,243","1,113","1,130","2,160",83,44,"31,854",0.07
IV15 9,"5,887","2,814","3,073","5,815",72,81,"4,707",1.25
IV16 9,"1,849",935,914,"1,849",-,26,"29,720",0.06
IV17 0,"6,387","3,094","3,293","6,318",69,36,"12,702",0.5
IV18 0,"6,135","3,034","3,101","6,008",127,60,"9,473",0.65
IV19 1,"4,933","2,347","2,586","4,909",24,54,"17,873",0.28
IV2 3,"11,108","5,388","5,720","10,746",362,167,400,27.77
IV2 4,"12,297","5,917","6,380","12,063",234,177,448,27.46
IV2 5,"9,133","4,407","4,726","8,972",161,136,"9,006",1.01
IV2 6,"5,985","2,953","3,032","5,981",4,75,"52,413",0.11
IV2 7,"10,043","4,994","5,049","9,924",119,121,"6,255",1.61
IV20 1,"2,988","1,451","1,537","2,986",2,35,"7,319",0.41
IV21 2,"1,071",538,533,"1,036",35,13,"17,127",0.06
IV22 2,"1,436",725,711,"1,383",53,39,"91,257",0.02
IV23 2,830,416,414,828,2,12,"109,046",0.01
IV24 3,"1,426",723,703,"1,417",9,30,"98,587",0.01
IV25 3,"2,478","1,178","1,300","2,402",76,44,"15,238",0.16
IV26 2,"1,926",940,986,"1,856",70,41,"33,527",0.06
IV27 4,"3,721","1,897","1,824","3,680",41,61,"280,405",0.01
IV28 3,458,222,236,458,-,3,"37,503",0.01
IV3 5,"7,669","3,686","3,983","7,502",167,68,269,28.52
IV3 8,"11,956","5,871","6,085","11,736",220,104,"7,999",1.49
IV30 1,"5,052","2,427","2,625","4,899",153,62,255,19.84
IV30 4,"8,281","3,984","4,297","8,196",85,87,335,24.7
IV30 5,"5,491","2,788","2,703","5,042",449,86,"5,837",0.94
IV30 6,"9,795","4,731","5,064","9,782",13,100,319,30.66
IV30 8,"5,426","2,706","2,720","5,339",87,90,"21,003",0.26
IV31 6,"7,926","4,121","3,805","7,321",605,52,"2,114",3.75
IV32 7,"4,800","2,343","2,457","4,790",10,75,"8,948",0.54
IV36 1,"7,247","3,527","3,720","7,204",43,105,284,25.48
IV36 2 (part) Moray,"5,378","2,636","2,742","5,239",139,115,"36,880",0.15
IV36 3,"2,955","1,509","1,446","2,758",197,48,"2,084",1.42
IV4 7,"4,315","2,134","2,181","4,296",19,76,"86,705",0.05
IV40 8,"2,335","1,178","1,157","2,313",22,43,"95,445",0.02
IV41 8,350,179,171,344,6,5,"6,047",0.06
IV42 8,415,207,208,415,-,10,"2,474",0.17
IV43 8,261,131,130,251,10,1,"6,258",0.04
IV44 8,259,111,148,202,57,5,"1,444",0.18
IV45 8,317,159,158,317,-,4,"9,222",0.03
IV46 8,76,37,39,76,-,1,261,0.29
IV47 8,531,263,268,530,1,9,"23,948",0.02
IV48 8,81,38,43,79,2,5,"2,910",0.03
IV49 9,"1,104",568,536,"1,072",32,12,"20,046",0.06
IV5 7,"1,260",615,645,"1,260",-,24,"2,212",0.57
IV51 9,"5,142","2,499","2,643","5,025",117,86,"54,978",0.09
IV52 8,385,181,204,357,28,11,"1,462",0.26
IV53 8,153,73,80,150,3,3,"2,578",0.06
IV54 8,"1,288",646,642,"1,279",9,26,"72,682",0.02
IV55 8,"1,209",599,610,"1,198",11,27,"26,153",0.05
IV56 8,268,131,137,264,4,7,"14,051",0.02
IV6 7,"4,527","2,266","2,261","4,457",70,69,"37,666",0.12
IV63 6,"2,185","1,076","1,109","2,179",6,48,"13,348",0.16
IV63 7,295,152,143,295,-,-,"41,677",0.01
IV7 8,"5,667","2,761","2,906","5,654",13,93,"11,716",0.48
IV8 8,887,425,462,887,-,23,"3,128",0.28
IV9 8,"1,314",621,693,"1,314",-,26,"1,863",0.71
KA1 1,"2,812","1,386","1,426","2,800",12,30,118,23.76
KA1 2,"5,686","2,695","2,991","5,523",163,27,240,23.68
KA1 3,"7,105","3,347","3,758","7,104",1,27,222,32.02
KA1 4,"6,734","3,182","3,552","6,711",23,20,229,29.43
KA1 5 (part) East Ayrshire,"4,985","2,624","2,361","4,402",583,15,"3,347",1.49
KA1 5 (part) South Ayrshire,"1,903",934,969,"1,830",73,29,"3,668",0.52
KA10 6,"10,194","4,806","5,388","10,145",49,125,398,25.64
KA10 7,"5,558","2,675","2,883","5,517",41,73,"1,385",4.01
KA11 1,"10,933","5,205","5,728","10,933",-,38,323,33.88
KA11 2 (part) North Ayrshire,"3,868","1,905","1,963","3,868",-,17,"1,150",3.36
KA11 3,"1,259",587,672,"1,259",-,1,38,33.32
KA11 4,"4,438","2,151","2,287","4,381",57,21,"1,102",4.03
KA11 5,447,214,233,447,-,3,979,0.46
KA12 0,"7,846","3,742","4,104","7,811",35,32,234,33.57
KA12 8,"4,454","2,123","2,331","4,180",274,20,"1,727",2.58
KA12 9,"6,347","2,931","3,416","6,347",-,21,99,64.05
KA13 6,"11,061","5,257","5,804","11,024",37,23,912,12.13
KA13 7 (part) North Ayrshire,"6,147","2,913","3,234","6,032",115,30,"2,737",2.25
KA14 3,548,273,275,548,-,1,390,1.4
KA15 1,"3,884","1,869","2,015","3,842",42,22,"2,883",1.35
KA15 2,"3,282","1,589","1,693","3,220",62,20,"1,825",1.8
KA16 9,"3,265","1,628","1,637","3,254",11,20,"3,680",0.89
KA17 0,"4,100","2,032","2,068","4,100",-,24,"5,870",0.7
KA18 1,"6,803","3,347","3,456","6,747",56,40,257,26.45
KA18 2,"5,592","2,723","2,869","5,507",85,30,"9,726",0.57
KA18 3,"5,531","2,661","2,870","5,531",-,33,"23,380",0.24
KA18 4,"3,475","1,686","1,789","3,475",-,15,"19,504",0.18
KA19 7 (part) South Ayrshire,"4,320","2,050","2,270","4,319",1,45,"20,028",0.22
KA19 8,"3,389","1,668","1,721","3,346",43,36,"8,568",0.4
KA2 0 (part) East Ayrshire,"4,262","2,093","2,169","4,169",93,14,"1,227",3.47
KA2 9 (part) South Ayrshire,"2,882","1,368","1,514","2,836",46,20,"1,886",1.53
KA20 3,"5,112","2,474","2,638","5,051",61,20,292,17.52
KA20 4,"4,306","2,034","2,272","4,306",-,12,533,8.08
KA21 5,"6,014","2,967","3,047","5,902",112,19,230,26.2
KA21 6,"6,800","3,195","3,605","6,681",119,23,"1,434",4.74
KA22 7,"6,511","3,012","3,499","6,511",-,34,131,49.66
KA22 8,"4,671","2,223","2,448","4,576",95,19,"2,011",2.32
KA23 9,"5,215","2,486","2,729","5,191",24,44,"4,013",1.3
KA24 4,"3,604","1,688","1,916","3,599",5,15,"2,465",1.46
KA24 5,"2,648","1,271","1,377","2,626",22,14,"6,618",0.4
KA25 6,"3,970","1,881","2,089","3,970",-,7,96,41.28
KA25 7,"3,415","1,645","1,770","3,392",23,8,"3,996",0.85
KA26 0 (part) South Ayrshire,"5,784","2,772","3,012","5,713",71,37,"44,653",0.13
KA26 9,"5,009","2,414","2,595","4,964",45,45,"22,041",0.23
KA27 8,"4,660","2,232","2,428","4,448",212,80,"43,133",0.11
KA28 0,"1,376",671,705,"1,345",31,13,"1,430",0.96
KA29 0,"1,424",685,739,"1,418",6,22,72,19.82
KA3 1,"7,060","3,369","3,691","6,970",90,33,215,32.84
KA3 2 (part) East Ayrshire,"9,138","4,364","4,774","9,085",53,38,"1,522",6
KA3 2 (part) North Ayrshire,245,124,121,243,2,1,934,0.26
KA3 3 (part) East Ayrshire,"3,041","1,440","1,601","3,041",-,12,"1,674",1.82
KA3 4 (part) East Ayrshire,"1,645",795,850,"1,637",8,16,"3,196",0.51
KA3 5,"4,712","2,240","2,472","4,710",2,31,"3,798",1.24
KA3 6,"4,305","2,083","2,222","4,265",40,39,"8,572",0.5
KA3 7,"8,186","3,905","4,281","8,186",-,29,226,36.29
KA30 8,"5,650","2,628","3,022","5,493",157,54,"4,327",1.31
KA30 9,"5,777","2,714","3,063","5,732",45,62,120,48.17
KA4 8,"5,318","2,537","2,781","5,308",10,29,"3,879",1.37
KA5 5 (part) East Ayrshire,"2,079","1,018","1,061","2,062",17,30,"3,861",0.54
KA5 5 (part) South Ayrshire,"2,261","1,130","1,131","2,261",-,10,"3,961",0.57
KA5 6,"5,691","2,814","2,877","5,629",62,27,"8,195",0.69
KA6 5,"4,082","1,953","2,129","3,978",104,25,"3,722",1.1
KA6 6 (part) East Ayrshire,"1,885",909,976,"1,885",-,10,"2,062",0.91
KA6 6 (part) South Ayrshire,"4,147","2,025","2,122","3,986",161,48,"5,091",0.81
KA6 7 (part) East Ayrshire,"9,357","4,511","4,846","9,205",152,23,"21,212",0.44
KA7 1,"2,331","1,170","1,161","2,270",61,16,80,29.05
KA7 2,"5,832","2,660","3,172","5,509",323,116,222,26.26
KA7 3,"11,200","5,267","5,933","11,200",-,67,303,36.93
KA7 4,"8,648","4,144","4,504","8,497",151,172,"3,032",2.85
KA8 0,"7,329","3,504","3,825","7,158",171,25,244,30.03
KA8 8,"3,747","1,795","1,952","3,718",29,11,127,29.56
KA8 9,"8,018","3,778","4,240","8,018",-,31,245,32.67
KA9 1,"7,643","3,585","4,058","7,514",129,90,563,13.58
KA9 2,"8,522","4,034","4,488","8,491",31,62,"1,983",4.3
KW1 4,"5,515","2,771","2,744","5,444",71,77,"22,276",0.25
KW1 5,"5,552","2,739","2,813","5,517",35,73,"25,320",0.22
KW10 6,"1,661",797,864,"1,641",20,22,"5,789",0.29
KW11 6,128,71,57,128,-,6,"76,755",0
KW12 6,"1,666",845,821,"1,666",-,26,"41,667",0.04
KW13 6,91,47,44,91,-,1,"35,201",0
KW14 7,"7,587","3,735","3,852","7,475",112,123,"51,013",0.15
KW14 8,"5,215","2,551","2,664","5,213",2,71,"15,179",0.34
KW15 1,"8,365","4,079","4,286","8,274",91,147,"5,900",1.42
KW16 3,"3,797","1,861","1,936","3,763",34,68,"28,543",0.13
KW17 2,"9,187","4,626","4,561","9,114",73,231,"64,538",0.14
KW2 6,74,37,37,74,-,2,866,0.09
KW3 6,"1,043",514,529,"1,043",-,13,"7,404",0.14
KW5 6,310,153,157,285,25,5,"6,347",0.05
KW6 6,356,174,182,356,-,2,"14,697",0.02
KW7 6,96,48,48,96,-,-,"20,640",0
KW8 6,795,376,419,795,-,6,"7,302",0.11
KW9 6,"1,765",832,933,"1,765",-,21,"15,760",0.11
KY1 1,"7,325","3,584","3,741","7,206",119,59,202,36.23
KY1 2,"7,997","3,842","4,155","7,859",138,30,410,19.5
KY1 3,"4,735","2,303","2,432","4,686",49,28,744,6.36
KY1 4,"5,178","2,510","2,668","5,139",39,37,"2,874",1.8
KY10 2,"3,163","1,542","1,621","3,163",-,42,"2,911",1.09
KY10 3,"5,643","2,707","2,936","5,566",77,87,"3,945",1.43
KY11 1,"6,418","3,144","3,274","6,402",16,47,510,12.59
KY11 2,"13,580","6,712","6,868","13,217",363,59,685,19.82
KY11 3,"3,209","1,558","1,651","3,209",-,49,"1,316",2.44
KY11 4,"12,529","6,084","6,445","12,441",88,62,316,39.59
KY11 7,217,109,108,217,-,2,"1,046",0.21
KY11 8,"14,747","7,392","7,355","14,747",-,149,"1,063",13.87
KY11 9,"9,874","4,886","4,988","9,822",52,115,342,28.84
KY12 0,"10,976","5,207","5,769","10,738",238,70,"2,386",4.6
KY12 7,"5,969","2,916","3,053","5,895",74,119,227,26.34
KY12 8,"10,771","5,310","5,461","10,757",14,150,"3,914",2.75
KY12 9 (part) Fife,"11,441","5,662","5,779","11,323",118,117,"7,930",1.44
KY13 0 (part) Clackmannanshire,104,51,53,104,-,6,391,0.27
KY13 0 (part) Perth & Kinross,"2,213","1,112","1,101","2,153",60,78,"13,099",0.17
KY13 8,"4,891","2,328","2,563","4,872",19,97,202,24.18
KY13 9 (part) Perth & Kinross,"3,561","1,682","1,879","3,478",83,92,"4,992",0.71
KY14 6 (part) Fife,"2,817","1,394","1,423","2,793",24,22,"5,404",0.52
KY14 6 (part) Perth & Kinross,71,35,36,71,-,5,603,0.12
KY14 7 (part) Fife,"3,949","1,941","2,008","3,918",31,42,"6,002",0.66
KY14 7 (part) Perth & Kinross,90,51,39,88,2,6,"1,773",0.05
KY15 4,"6,241","3,030","3,211","6,106",135,93,"8,632",0.72
KY15 5,"8,630","4,155","4,475","8,419",211,178,"8,228",1.05
KY15 7,"6,831","3,345","3,486","6,803",28,90,"10,595",0.64
KY16 0,"5,394","2,777","2,617","5,028",366,81,"4,367",1.24
KY16 8,"10,401","4,957","5,444","10,005",396,182,"9,370",1.11
KY16 9,"9,048","4,055","4,993","5,657","3,391",120,"2,596",3.49
KY2 5,"11,295","5,468","5,827","11,089",206,116,"3,775",2.99
KY2 6,"19,366","9,266","10,100","19,250",116,125,"1,587",12.2
KY3 0,"5,295","2,592","2,703","5,243",52,64,"2,647",2
KY3 9,"5,727","2,728","2,999","5,654",73,67,231,24.79
KY4 0 (part) Fife,"6,506","3,132","3,374","6,466",40,27,"2,271",2.87
KY4 0 (part) Perth & Kinross,354,177,177,354,-,10,598,0.59
KY4 8,"6,029","2,919","3,110","5,903",126,16,"1,959",3.08
KY4 9,"8,341","4,051","4,290","8,295",46,38,"1,148",7.27
KY5 0 (part) Fife,"7,528","3,595","3,933","7,476",52,23,"4,135",1.82
KY5 8,"5,739","2,762","2,977","5,651",88,22,"1,142",5.03
KY5 9,"6,900","3,347","3,553","6,822",78,21,221,31.24
KY6 1,"4,542","2,148","2,394","4,514",28,10,148,30.71
KY6 2,"8,665","4,161","4,504","8,661",4,47,540,16.06
KY6 3 (part) Fife,"5,548","2,683","2,865","5,512",36,51,"2,191",2.53
KY6 3 (part) Perth & Kinross,91,45,46,91,-,5,579,0.16
KY7 4,"9,948","4,868","5,080","9,877",71,70,441,22.58
KY7 5,"4,832","2,327","2,505","4,646",186,40,263,18.39
KY7 6,"13,201","6,416","6,785","13,148",53,108,"3,595",3.67
KY8 1,"4,458","2,130","2,328","4,435",23,11,140,31.82
KY8 2,"5,240","2,472","2,768","5,240",-,12,172,30.5
KY8 3,"5,772","2,816","2,956","5,670",102,23,266,21.69
KY8 4,"6,513","3,082","3,431","6,398",115,33,341,19.09
KY8 5,"10,035","4,909","5,126","9,970",65,84,"6,591",1.52
KY8 6,"2,424","1,105","1,319","2,394",30,45,"1,000",2.42
KY9 1,"1,876",926,950,"1,854",22,31,"4,253",0.44
ML1 1,"5,550","2,687","2,863","5,546",4,15,179,30.96
ML1 2,"10,027","4,909","5,118","10,022",5,25,245,40.99
ML1 3,"14,383","6,887","7,496","14,246",137,37,896,16.05
ML1 4,"12,987","6,374","6,613","12,964",23,28,"1,777",7.31
ML1 5,"10,928","5,302","5,626","10,912",16,39,"1,795",6.09
ML10 6,"10,522","5,210","5,312","10,273",249,124,"20,117",0.52
ML11 0,"8,802","4,174","4,628","8,632",170,34,"25,111",0.35
ML11 7,"7,031","3,349","3,682","6,919",112,51,"1,909",3.68
ML11 8 (part) South Lanarkshire,"8,462","4,225","4,237","8,323",139,70,"22,404",0.38
ML11 9,"10,598","5,201","5,397","10,513",85,92,"9,710",1.09
ML12 6 (part) Dumfries & Galloway,150,76,74,150,-,-,380,0.39
ML12 6 (part) Scottish Borders,"1,130",564,566,"1,128",2,28,"29,973",0.04
ML12 6 (part) South Lanarkshire,"7,137","3,444","3,693","7,025",112,105,"62,653",0.11
ML2 0,"11,402","5,587","5,815","11,291",111,18,"1,241",9.19
ML2 7,"10,278","4,887","5,391","10,185",93,26,307,33.48
ML2 8,"12,359","5,928","6,431","12,227",132,28,257,48.01
ML2 9,"6,690","3,231","3,459","6,610",80,10,"2,483",2.69
ML3 0,"7,065","3,480","3,585","6,910",155,17,306,23.06
ML3 6,"5,962","2,887","3,075","5,908",54,9,217,27.51
ML3 7,"12,331","5,928","6,403","12,222",109,55,"3,801",3.24
ML3 8,"14,233","6,831","7,402","14,229",4,36,"1,231",11.57
ML3 9,"12,053","5,804","6,249","11,853",200,32,283,42.56
ML4 1,"7,160","3,439","3,721","7,058",102,10,390,18.37
ML4 2,"10,710","5,181","5,529","10,710",-,20,333,32.16
ML4 3,"5,121","2,511","2,610","5,121",-,11,421,12.16
ML5 1,"7,341","3,476","3,865","7,191",150,33,166,44.32
ML5 2,"9,289","4,460","4,829","9,267",22,18,672,13.82
ML5 3,"5,741","2,912","2,829","5,724",17,9,191,30.11
ML5 4,"11,712","5,609","6,103","11,608",104,20,396,29.56
ML5 5,"12,691","5,993","6,698","12,573",118,16,238,53.23
ML6 0,"7,958","3,890","4,068","7,945",13,15,"1,325",6.01
ML6 6,"9,372","4,493","4,879","9,339",33,18,241,38.86
ML6 7 (part) North Lanarkshire,"10,386","4,971","5,415","10,248",138,21,"4,557",2.28
ML6 8,"15,219","7,364","7,855","15,129",90,30,"4,049",3.76
ML6 9,"12,313","5,854","6,459","12,313",-,38,519,23.71
ML7 4,"7,133","3,710","3,423","6,556",577,16,"2,310",3.09
ML7 5 (part) North Lanarkshire,"7,485","3,692","3,793","7,485",-,24,"4,668",1.6
ML7 5 (part) West Lothian,"1,042",521,521,"1,042",-,-,21,50.23
ML8 4,"7,837","3,734","4,103","7,752",85,22,"3,658",2.14
ML8 5 (part) South Lanarkshire,"11,403","5,573","5,830","11,329",74,44,"4,353",2.62
ML9 1,"7,038","3,312","3,726","7,006",32,11,453,15.53
ML9 2,"8,130","3,814","4,316","8,083",47,24,"1,121",7.25
ML9 3,"8,156","3,929","4,227","7,965",191,25,"3,695",2.21
PA1 1,"6,007","3,112","2,895","5,910",97,14,148,40.54
PA1 2,"7,739","3,913","3,826","7,429",310,32,311,24.9
PA1 3,"8,507","4,041","4,466","8,468",39,35,301,28.27
PA10 2 (part) Renfrewshire,"3,821","1,884","1,937","3,811",10,24,"2,068",1.85
PA11 3 (part) Inverclyde,772,364,408,663,109,10,"1,526",0.51
PA11 3 (part) Renfrewshire,"5,141","2,543","2,598","5,124",17,70,"1,759",2.92
PA12 4,"3,414","1,675","1,739","3,406",8,33,"5,891",0.58
PA13 4 (part) Inverclyde,"4,492","2,138","2,354","4,481",11,131,"7,055",0.64
PA14 5,"8,510","4,132","4,378","8,455",55,19,279,30.55
PA14 6 (part) Inverclyde,"6,904","3,278","3,626","6,860",44,12,182,37.87
PA14 6 (part) Renfrewshire,"1,089",544,545,"1,088",1,12,"1,025",1.06
PA15 1,"2,172","1,040","1,132","2,052",120,1,90,24.25
PA15 2,"4,963","2,318","2,645","4,940",23,13,167,29.8
PA15 3,"3,169","1,553","1,616","3,169",-,13,74,42.8
PA15 4,"7,246","3,487","3,759","7,178",68,20,146,49.64
PA16 0,"10,583","5,081","5,502","10,447",136,52,"2,700",3.92
PA16 7,"7,274","3,415","3,859","7,030",244,24,215,33.76
PA16 8,"7,073","3,280","3,793","6,907",166,38,221,32.04
PA16 9,"4,202","2,085","2,117","3,981",221,12,"2,921",1.44
PA17 5,"2,234","1,115","1,119","2,233",1,26,"2,303",0.97
PA18 6,"2,592","1,256","1,336","2,592",-,16,91,28.38
PA19 1,"11,533","5,572","5,961","11,506",27,57,377,30.6
PA2 0,"6,741","3,162","3,579","6,682",59,24,176,38.25
PA2 6,"9,759","4,532","5,227","9,610",149,58,235,41.61
PA2 7,"6,962","3,332","3,630","6,750",212,24,273,25.54
PA2 8 (part) Renfrewshire,"9,056","4,296","4,760","8,832",224,29,"2,495",3.63
PA2 9,"8,096","3,846","4,250","7,945",151,33,205,39.51
PA20 0,"3,553","1,689","1,864","3,528",25,41,"8,079",0.44
PA20 9,"2,945","1,394","1,551","2,895",50,40,"4,305",0.68
PA21 2,777,400,377,764,13,17,"13,473",0.06
PA22 3,287,144,143,282,5,6,"14,303",0.02
PA23 7,"5,510","2,664","2,846","5,421",89,63,"8,923",0.62
PA23 8,"7,110","3,339","3,771","6,897",213,82,"19,966",0.36
PA24 8,429,232,197,428,1,23,"8,905",0.05
PA25 8,78,36,42,71,7,2,"2,107",0.04
PA26 8,143,72,71,140,3,3,"12,120",0.01
PA27 8,674,322,352,674,-,12,"10,700",0.06
PA28 6,"7,364","3,584","3,780","7,277",87,95,"47,584",0.15
PA29 6,"2,150","1,073","1,077","2,140",10,39,"46,915",0.05
PA3 1,"4,029","1,848","2,181","4,029",-,6,192,21.02
PA3 2,"4,121","2,085","2,036","4,041",80,4,491,8.4
PA3 3,"9,322","4,414","4,908","9,322",-,22,"1,244",7.49
PA3 4,"6,117","2,826","3,291","6,062",55,18,147,41.5
PA30 8,"1,464",723,741,"1,447",17,30,"5,911",0.25
PA31 8,"4,949","2,417","2,532","4,899",50,121,"47,975",0.1
PA32 8,"1,305",655,650,"1,270",35,21,"25,951",0.05
PA33 1,754,376,378,698,56,16,"35,502",0.02
PA34 4,"7,391","3,601","3,790","7,258",133,116,"32,109",0.23
PA34 5,"3,301","1,626","1,675","3,161",140,39,"3,034",1.09
PA35 1,"1,295",632,663,"1,265",30,23,"32,609",0.04
PA36 4,52,28,24,51,1,1,"23,830",0
PA37 1,"2,854","1,388","1,466","2,783",71,58,"18,388",0.16
PA38 4 (part) Argyll & Bute,501,242,259,492,9,9,"13,107",0.04
PA38 4 (part) Highland,321,156,165,317,4,7,"5,883",0.05
PA4 0,"10,190","4,825","5,365","10,127",63,24,561,18.18
PA4 8,"9,160","4,455","4,705","9,052",108,15,333,27.49
PA4 9,"3,902","1,820","2,082","3,855",47,8,"1,037",3.76
PA41 7,163,73,90,163,-,-,"1,489",0.11
PA42 7,"1,179",586,593,"1,176",3,26,"26,623",0.04
PA43 7,784,369,415,763,21,8,40,19.62
PA44 7,275,137,138,275,-,6,"20,713",0.01
PA45 7,122,64,58,122,-,-,"3,941",0.03
PA46 7,183,92,91,183,-,3,"1,543",0.12
PA47 7,177,84,93,177,-,-,"2,049",0.09
PA48 7,340,165,175,335,5,7,"3,967",0.09
PA49 7,168,85,83,168,-,2,"2,933",0.06
PA5 0,"6,934","3,296","3,638","6,922",12,10,186,37.18
PA5 8,"8,554","4,042","4,512","8,388",166,33,258,33.15
PA5 9,"7,077","3,374","3,703","7,024",53,15,279,25.33
PA6 7,"6,650","3,261","3,389","6,650",-,75,"3,374",1.97
PA60 7,196,84,112,194,2,1,"38,625",0.01
PA61 7,132,58,74,129,3,13,"4,581",0.03
PA64 6,82,39,43,82,-,2,"2,028",0.04
PA65 6,209,97,112,193,16,3,"9,509",0.02
PA66 6,164,71,93,158,6,11,"3,499",0.05
PA67 6,275,122,153,269,6,6,"4,365",0.06
PA7 5,"5,239","2,667","2,572","4,990",249,32,"1,149",4.56
PA70 6,129,67,62,125,4,2,"28,276",0
PA72 6,432,214,218,421,11,16,"18,269",0.02
PA73 6,119,55,64,119,-,5,"9,467",0.01
PA75 6,"1,409",668,741,"1,366",43,31,"15,416",0.09
PA76 6,177,75,102,135,42,1,888,0.2
PA77 6,653,300,353,646,7,12,"7,918",0.08
PA78 6,195,92,103,195,-,15,"7,600",0.03
PA8 6,"6,212","2,997","3,215","6,169",43,17,235,26.39
PA8 7,"9,325","4,501","4,824","9,290",35,35,230,40.54
PA80 5,294,157,137,294,-,7,"26,318",0.01
PA9 1,"1,744",818,926,"1,741",3,10,"1,590",1.1
PH1 1,"9,204","4,359","4,845","9,060",144,171,"3,127",2.94
PH1 2,"13,172","6,264","6,908","13,019",153,45,347,37.99
PH1 3,"10,052","4,859","5,193","9,618",434,124,"15,314",0.66
PH1 4,"4,543","2,262","2,281","4,529",14,62,"14,182",0.32
PH1 5,"7,039","3,641","3,398","6,853",186,20,198,35.56
PH10 6,"6,800","3,232","3,568","6,615",185,75,"6,243",1.09
PH10 7,"4,250","2,065","2,185","4,147",103,37,"48,213",0.09
PH11 8 (part) Angus,351,192,159,344,7,9,"21,021",0.02
PH11 8 (part) Perth & Kinross,"3,054","1,465","1,589","3,035",19,22,"7,874",0.39
PH12 8 (part) Angus,"1,101",551,550,"1,101",-,18,"3,395",0.32
PH12 8 (part) Perth & Kinross,995,483,512,938,57,14,"2,465",0.4
PH13 9 (part) Perth & Kinross,"4,038","2,038","2,000","4,035",3,31,"8,768",0.46
PH14 9 (part) Perth & Kinross,"1,777",856,921,"1,773",4,26,"4,913",0.36
PH15 2,"3,545","1,761","1,784","3,459",86,38,"68,282",0.05
PH16 5,"3,947","1,875","2,072","3,659",288,67,"24,861",0.16
PH17 2,224,117,107,213,11,4,"56,619",0
PH18 5,767,394,373,727,40,17,"65,950",0.01
PH19 1,95,51,44,95,-,2,"32,299",0
PH2 0,"7,769","3,723","4,046","7,705",64,119,"7,784",1
PH2 6,"7,024","3,341","3,683","6,921",103,108,"9,758",0.72
PH2 7,"8,395","4,124","4,271","8,042",353,136,"10,819",0.78
PH2 8,"4,419","2,455","1,964","3,816",603,33,"2,131",2.07
PH2 9,"7,025","3,367","3,658","6,463",562,138,"13,825",0.51
PH20 1,"1,466",703,763,"1,428",38,26,"45,352",0.03
PH21 1,"2,274","1,128","1,146","2,228",46,32,"72,142",0.03
PH22 1,"3,677","1,827","1,850","3,453",224,36,"20,812",0.18
PH23 3,840,408,432,819,21,12,"17,053",0.05
PH24 3,628,309,319,626,2,8,"2,607",0.24
PH25 3,905,445,460,880,25,9,"17,809",0.05
PH26 3 (part) Highland,"3,791","1,834","1,957","3,678",113,51,"33,665",0.11
PH3 1,"5,733","2,759","2,974","5,607",126,96,"11,953",0.48
PH31 4,556,287,269,549,7,13,"44,229",0.01
PH32 4,747,354,393,724,23,20,"4,592",0.16
PH33 6,"6,646","3,257","3,389","6,495",151,84,"33,468",0.2
PH33 7,"5,309","2,520","2,789","5,236",73,88,"66,137",0.08
PH34 4,"1,075",535,540,"1,052",23,19,"59,083",0.02
PH35 4,338,172,166,328,10,8,"59,662",0.01
PH36 4,"1,257",615,642,"1,243",14,35,"35,287",0.04
PH37 4,161,81,80,158,3,8,"29,206",0.01
PH38 4,160,75,85,160,-,5,"17,578",0.01
PH39 4,336,159,177,329,7,9,"4,657",0.07
PH4 1,813,395,418,813,-,12,"4,605",0.18
PH40 4,344,159,185,342,2,7,"4,532",0.08
PH41 4,963,463,500,951,12,15,"24,354",0.04
PH42 4,153,73,80,153,-,5,"15,586",0.01
PH49 4,"1,153",565,588,"1,094",59,12,"44,582",0.03
PH5 2,898,429,469,870,28,14,"2,035",0.44
PH50 4,896,408,488,889,7,7,79,11.34
PH6 2,"2,471","1,179","1,292","2,430",41,42,"29,239",0.08
PH7 3,"5,941","2,927","3,014","5,760",181,104,"8,446",0.7
PH7 4,"3,142","1,513","1,629","2,928",214,64,"8,733",0.36
PH8 0,"2,139","1,053","1,086","1,967",172,32,"37,740",0.06
PH9 0,969,468,501,962,7,18,"13,527",0.07
TD1 1,"5,413","2,620","2,793","5,359",54,64,"4,314",1.25
TD1 2,"6,093","3,041","3,052","6,093",-,90,"16,835",0.36
TD1 3,"6,101","2,839","3,262","5,832",269,91,"5,435",1.12
TD10 6,"1,111",536,575,"1,106",5,19,"9,660",0.12
TD11 3 (part) Scottish Borders,"7,399","3,689","3,710","7,360",39,115,"44,283",0.17
TD12 4,"2,959","1,418","1,541","2,927",32,31,"7,506",0.39
TD13 5 (part) East Lothian,206,96,110,206,-,4,"2,308",0.09
TD13 5 (part) Scottish Borders,697,343,354,694,3,10,"2,315",0.3
TD14 5,"6,315","3,052","3,263","6,256",59,82,"11,346",0.56
TD15 1,"1,197",580,617,"1,197",-,22,"6,153",0.19
TD2 6,"2,570","1,263","1,307","2,568",2,43,"20,455",0.13
TD3 6,"1,067",552,515,"1,067",-,15,"8,341",0.13
TD4 6,"2,354","1,115","1,239","2,349",5,44,"6,805",0.35
TD5 7,"7,021","3,297","3,724","6,942",79,126,"9,865",0.71
TD5 8,"4,197","2,041","2,156","4,195",2,63,"32,404",0.13
TD6 0,"3,414","1,655","1,759","3,406",8,39,"3,153",1.08
TD6 9,"4,434","2,101","2,333","4,307",127,98,"10,649",0.42
TD7 4,"4,447","2,136","2,311","4,420",27,66,"9,046",0.49
TD7 5 (part) Scottish Borders,"2,993","1,513","1,480","2,938",55,54,"51,362",0.06
TD8 6,"6,164","2,945","3,219","6,081",83,94,"28,567",0.22
TD9 0,"4,433","2,174","2,259","4,346",87,40,"41,884",0.11
TD9 7,"3,947","1,906","2,041","3,853",94,31,"14,712",0.27
TD9 8,"5,696","2,712","2,984","5,679",17,63,"16,860",0.34
TD9 9,"4,255","2,111","2,144","4,253",2,38,"12,955",0.33
ZE1 0,"8,436","4,281","4,155","8,330",106,134,"1,948",4.33
ZE2 9,"14,299","7,265","7,034","14,221",78,300,"143,785",0.1
ZE3 9,432,215,217,430,2,11,932,0.46