Settlement,All people,Males,Females,Lives in a household,Lives in a communal establishment,Schoolchild or full-time student aged 4 and over at their non term-time address,Area (hectares),Density (number of persons per hectare)
Aberchirder,"1,237",621,616,"1,237",-,7,40,30.7
Aberdeen,"207,932","102,858","105,074","200,096","7,836","1,310","6,548",31.76
Aberdour,"1,633",822,811,"1,598",35,42,74,21.96
Aberfeldy,"1,986",970,"1,016","1,949",37,11,125,15.93
Aberfoyle,769,379,390,735,34,10,84,9.14
Aberlady,"1,166",558,608,"1,162",4,23,34,34.05
Aberlour,972,461,511,928,44,19,70,13.84
Abernethy,"1,429",698,731,"1,429",-,25,72,19.75
Aboyne,"2,602","1,218","1,384","2,562",40,62,176,14.8
Airth,"1,871",889,982,"1,817",54,11,50,37.14
Alford,"2,142","1,053","1,089","2,131",11,27,85,25.33
Allanton,"1,185",612,573,"1,185",-,4,42,27.9
Alloa,"30,057","14,763","15,294","29,238",819,172,"1,293",23.24
Almondbank,"1,094",538,556,"1,094",-,5,56,19.71
Alness,"5,782","2,790","2,992","5,739",43,31,243,23.77
Alva,"4,773","2,279","2,494","4,770",3,44,163,29.33
Alyth,"2,403","1,131","1,272","2,394",9,9,101,23.86
Annan,"8,960","4,292","4,668","8,872",88,75,266,33.64
Annbank,912,427,485,912,-,3,22,41.59
Anstruther and Cellardyke,"4,932","2,361","2,571","4,865",67,60,182,27.03
Arbroath,"23,902","11,420","12,482","23,592",310,149,783,30.52
Ardersier,"1,150",548,602,"1,150",-,12,43,26.57
Ardrishaig,"1,349",672,677,"1,332",17,26,92,14.67
Ardrossan,"33,071","15,730","17,341","32,684",387,125,"1,046",31.62
Armadale,"11,836","5,769","6,067","11,739",97,41,283,41.82
Auchinleck,"3,819","1,849","1,970","3,741",78,14,201,19.02
Auchterarder,"4,444","2,135","2,309","4,323",121,61,308,14.43
Auchtermuchty,"2,093","1,037","1,056","2,062",31,17,63,33.4
Auldearn,643,327,316,643,-,5,26,24.47
Aviemore,"3,147","1,567","1,580","3,036",111,30,304,10.35
Avoch,"1,052",484,568,"1,052",-,16,51,20.75
Avonbridge,637,278,359,637,-,1,24,26.39
Ayr,"61,750","29,186","32,564","60,896",854,583,"2,327",26.53
Ayton,535,262,273,535,-,8,34,15.65
Balfron,"1,890",876,"1,014","1,881",9,34,83,22.72
Balintore,"1,039",504,535,"1,039",-,7,57,18.37
Ballachulish,666,323,343,639,27,6,82,8.11
Ballater,"1,533",718,815,"1,485",48,23,94,16.34
"Ballingry, Lochore and Crosshill","5,655","2,715","2,940","5,567",88,21,142,39.87
Balmedie,"2,534","1,281","1,253","2,534",-,15,87,29.21
Balmullo,"1,405",667,738,"1,405",-,21,54,26.12
Banchory,"7,278","3,573","3,705","7,230",48,189,325,22.39
Banff,"4,082","1,965","2,117","4,003",79,31,146,28.03
Bankfoot,"1,257",614,643,"1,257",-,18,56,22.43
Bathgate,"25,701","12,440","13,261","25,615",86,121,874,29.42
Beauly,"1,365",652,713,"1,353",12,16,106,12.92
Beith,"6,204","2,972","3,232","6,100",104,31,312,19.9
Bellsbank,"1,374",650,724,"1,374",-,2,42,32.39
Biggar,"2,294","1,067","1,227","2,257",37,15,98,23.51
Bilston,"1,120",542,578,"1,120",-,9,190,5.91
Birkhill and Muirhead,"2,087",992,"1,095","2,087",-,18,131,15.9
Bishopton,"4,708","2,349","2,359","4,708",-,26,136,34.67
Blackburn (Aberdeenshire),"2,960","1,512","1,448","2,960",-,14,85,34.86
Blackford,754,368,386,754,-,10,32,23.62
Blackridge,"1,953",947,"1,006","1,953",-,2,109,17.98
Blairgowrie,"8,954","4,240","4,714","8,776",178,75,531,16.87
Blairhall,927,457,470,927,-,6,31,29.97
Boddam,"1,274",652,622,"1,272",2,6,66,19.25
Bo'ness,"14,868","7,287","7,581","14,786",82,83,644,23.09
Bonnybridge,"24,975","12,172","12,803","24,797",178,99,730,34.21
Bowmore,784,369,415,763,21,8,40,19.62
Braco,572,276,296,572,-,4,25,22.67
Brae,716,368,348,700,16,14,180,3.97
Braidwood,569,275,294,569,-,2,51,11.23
Brechin,"7,481","3,608","3,873","7,407",74,43,301,24.87
Bridge of Earn,"2,709","1,225","1,484","2,538",171,29,120,22.61
Bridge of Weir,"4,884","2,410","2,474","4,884",-,63,220,22.2
Bridgend,772,384,388,772,-,4,24,31.85
Broadford,747,393,354,715,32,5,262,2.85
Brodick,848,406,442,818,30,16,136,6.25
Brookfield,553,262,291,553,-,7,39,14.17
Brora,"1,282",600,682,"1,282",-,12,116,11.08
Broxburn,"15,296","7,454","7,842","15,147",149,55,521,29.37
Buchlyvie,519,245,274,519,-,1,22,23.88
Buckhaven,"30,964","14,889","16,075","30,719",245,135,"1,239",25
Buckie,"8,273","3,980","4,293","8,154",119,88,341,24.29
Burghead,"1,945",982,963,"1,935",10,16,79,24.53
Burntisland,"6,269","3,022","3,247","6,238",31,53,220,28.47
Burrelton,671,333,338,670,1,4,65,10.36
Cairnbulg and Inverallochy,"1,375",658,717,"1,375",-,14,38,36.18
Cairneyhill,"2,465","1,207","1,258","2,465",-,43,56,43.82
Caldercruix,"2,510","1,183","1,327","2,510",-,5,57,44.02
California,810,405,405,810,-,5,31,25.77
Callander,"3,077","1,443","1,634","2,965",112,38,164,18.71
Campbeltown,"4,852","2,324","2,528","4,777",75,56,223,21.73
Cardenden and Dundonald,"5,533","2,624","2,909","5,499",34,14,142,38.94
Cardrona,883,436,447,883,-,17,26,34.47
Cardross,"2,193","1,084","1,109","2,175",18,22,87,25.13
Cargenbridge,575,282,293,575,-,4,32,17.88
Carluke,"13,579","6,549","7,030","13,456",123,42,445,30.52
Carnoustie,"11,394","5,399","5,995","11,306",88,89,343,33.18
Carnwath,"1,413",658,755,"1,411",2,13,78,18.12
Carstairs,914,470,444,914,-,3,27,34.26
Carstairs Junction,747,356,391,747,-,-,34,22.25
Castle Douglas,"4,174","1,979","2,195","4,119",55,48,188,22.16
Castletown,846,426,420,846,-,11,47,17.82
Catrine,"2,236","1,111","1,125","2,236",-,7,77,29
Ceres,969,449,520,969,-,23,46,21.29
Chapelton,643,314,329,643,-,2,22,29.22
Chirnside,"1,459",717,742,"1,459",-,4,63,23.32
Chryston,"4,282","2,011","2,271","4,241",41,8,185,23.18
Clackmannan,"3,442","1,643","1,799","3,436",6,15,105,32.93
Cleland,"3,006","1,440","1,566","2,990",16,6,74,40.78
Coalburn,"1,303",629,674,"1,303",-,5,38,34.61
Coaltown of Wemyss,596,272,324,594,2,4,15,40.99
Cockenzie,"5,551","2,683","2,868","5,545",6,56,119,46.62
Coldingham,563,256,307,561,2,12,34,16.57
Coldstream,"1,946",929,"1,017","1,932",14,11,87,22.49
Comrie (Perth & Kinross),"1,927",898,"1,029","1,903",24,30,196,9.83
Conon Bridge and Maryburgh,"2,836","1,338","1,498","2,835",1,40,148,19.1
Coupar Angus,"2,262","1,142","1,120","2,260",2,11,90,25.04
Cowdenbeath,"18,528","8,969","9,559","18,357",171,61,615,30.11
Cowie,"2,649","1,289","1,360","2,649",-,4,117,22.67
Coylton,"2,849","1,373","1,476","2,837",12,24,91,31.4
Crail,"1,639",755,884,"1,630",9,36,68,24.01
Creetown,679,332,347,677,2,5,29,23.51
Crieff,"7,368","3,573","3,795","7,095",273,125,338,21.77
Crimond,851,405,446,800,51,4,42,20.09
Cromarty,726,346,380,724,2,15,37,19.75
Crossford (Fife),"2,358","1,157","1,201","2,358",-,46,66,35.49
Crossford (South Lanarkshire),674,324,350,674,-,5,82,8.26
Crossgates,"2,458","1,197","1,261","2,379",79,10,101,24.45
Crosshill,480,226,254,480,-,5,22,21.91
Crosshouse,"2,861","1,389","1,472","2,859",2,10,114,25.08
Croy,"1,026",497,529,"1,026",-,1,25,40.34
Cruden Bay,"1,615",775,840,"1,583",32,12,54,29.71
Cullen,"1,475",717,758,"1,443",32,18,56,26.36
Cumbernauld,"52,270","25,407","26,863","52,056",214,163,"2,086",25.05
Cuminestown,510,245,265,510,-,4,26,19.68
Cumnock,"9,039","4,398","4,641","8,983",56,55,348,26
Cupar,"9,339","4,481","4,858","9,164",175,135,348,26.87
Dailly,895,431,464,895,-,4,28,32.09
Dalbeattie,"4,227","2,011","2,216","4,172",55,38,182,23.16
Dalgety Bay,"9,874","4,886","4,988","9,822",52,115,342,28.84
Dalkeith,"41,309","19,824","21,485","40,920",389,212,"1,407",29.35
Dalmellington and Burnton,"1,411",682,729,"1,362",49,2,51,27.41
Dalry,"5,657","2,661","2,996","5,636",21,27,166,34.15
Dalrymple,"1,535",733,802,"1,535",-,7,63,24.3
Danderhall,"2,732","1,307","1,425","2,723",9,13,56,48.93
Darvel,"3,871","1,910","1,961","3,871",-,19,163,23.74
Dechmont,706,334,372,698,8,5,23,30.21
Denholm,653,302,351,653,-,3,34,19.26
Dingwall,"5,491","2,613","2,878","5,433",58,68,376,14.6
Dollar,"2,717","1,284","1,433","2,641",76,98,137,19.85
Dornoch,"1,208",561,647,"1,144",64,22,226,5.36
Douglas,"1,620",795,825,"1,620",-,10,58,27.86
Doune,"1,633",814,819,"1,628",5,41,82,19.95
Drongan,"3,205","1,515","1,690","3,205",-,13,84,38.12
Drumnadrochit,"1,101",542,559,"1,096",5,22,136,8.11
Drumoak,853,425,428,853,-,8,30,28.15
Drymen,820,370,450,820,-,7,54,15.22
Dufftown,"1,667",826,841,"1,655",12,13,77,21.78
Duffus,329,158,171,329,-,10,17,19.31
Dullatur,697,367,330,697,-,12,33,21.35
Dumbarton,"44,586","21,328","23,258","44,341",245,129,"1,626",27.42
Dumfries,"32,914","15,807","17,107","32,332",582,359,"1,238",26.59
Dunbar,"8,486","4,055","4,431","8,293",193,92,320,26.5
Dunbeg,625,308,317,625,-,4,22,27.88
Dunblane,"8,811","4,211","4,600","8,474",337,209,334,26.38
Dundee,"157,444","75,556","81,888","152,179","5,265",821,"4,936",31.9
Dundonald,"2,652","1,258","1,394","2,606",46,18,85,31.07
Dunfermline,"68,426","33,546","34,880","67,620",806,561,"2,809",24.36
Dunkeld and Birnam,"1,287",617,670,"1,262",25,21,108,11.89
Dunlop,"1,127",532,595,"1,124",3,8,36,31.23
Dunning,942,459,483,942,-,14,46,20.63
Dunoon,"9,562","4,552","5,010","9,290",272,99,452,21.14
Duns,"2,753","1,357","1,396","2,745",8,32,183,15.08
Eaglesfield,691,318,373,691,-,3,43,16.01
Eaglesham,"3,114","1,462","1,652","3,114",-,16,98,31.75
Earlston,"1,779",852,927,"1,774",5,23,69,25.66
East Kilbride,"74,395","35,765","38,630","73,694",701,287,"2,523",29.48
East Linton,"1,731",824,907,"1,724",7,28,76,22.81
East Wemyss,"1,928",914,"1,014","1,896",32,13,90,21.36
Eastriggs,"1,876",925,951,"1,873",3,19,85,22.03
Ecclefechan,821,390,431,819,2,8,52,15.73
Edinburgh,"482,005","234,608","247,397","467,388","14,617","4,679","12,384",38.92
Edzell,908,418,490,877,31,13,56,16.12
Elgin,"23,128","11,142","11,986","22,877",251,249,909,25.43
Elie and Earlsferry,677,316,361,655,22,15,63,10.69
Ellon,"10,268","4,989","5,279","10,135",133,80,387,26.57
Elphinstone,520,257,263,520,-,1,19,27.28
Errol,"1,311",639,672,"1,311",-,11,45,29.11
Erskine,"17,334","8,376","8,958","17,214",120,56,713,24.31
Evanton,"1,379",695,684,"1,379",-,23,106,13.06
Eyemouth,"3,546","1,691","1,855","3,512",34,27,122,29.12
Fairlie,"1,424",685,739,"1,418",6,22,72,19.82
Falkirk,"99,503","48,566","50,937","98,131","1,372",445,"3,776",26.35
Falkland,"1,096",520,576,"1,094",2,14,51,21.52
Fallin,"2,832","1,341","1,491","2,832",-,5,69,40.79
Fauldhouse,"4,843","2,356","2,487","4,793",50,11,134,36.12
Fenwick,"1,038",475,563,998,40,13,53,19.71
Findhorn,901,411,490,885,16,23,70,12.9
Findochty,"1,209",586,623,"1,203",6,14,47,25.93
Fochabers,"1,728",817,911,"1,721",7,20,76,22.67
Forfar,"14,048","6,727","7,321","13,832",216,101,503,27.91
Forgandenny,627,321,306,239,388,16,42,15.01
Forres,"9,951","4,820","5,131","9,812",139,156,433,23
Fort Augustus,621,293,328,601,20,12,110,5.65
Fort William,"10,459","5,053","5,406","10,277",182,134,"1,371",7.63
Forth,"2,257","1,094","1,163","2,257",-,7,63,35.6
Fortrose,"1,367",641,726,"1,361",6,43,147,9.3
Fraserburgh,"13,100","6,436","6,664","12,935",165,102,417,31.43
Freuchie,"1,213",578,635,"1,210",3,12,42,29.14
Friockheim,962,481,481,962,-,6,38,25.3
Galashiels,"14,994","7,182","7,812","14,671",323,175,589,25.45
Galston,"7,723","3,726","3,997","7,716",7,40,273,28.28
Gardenstown,667,317,350,667,-,6,35,19.31
Garelochhead,"2,277","1,525",752,"1,368",909,14,216,10.53
Gargunnock,752,358,394,752,-,25,44,17.27
Garmouth,589,287,302,588,1,14,41,14.54
Gartcosh,"2,145","1,055","1,090","2,145",-,4,45,48.09
Gatehouse of Fleet,986,457,529,940,46,11,101,9.77
Gauldry,691,347,344,691,-,11,30,23.32
Gifford,763,357,406,756,7,18,31,24.55
Girvan,"6,651","3,117","3,534","6,626",25,42,189,35.17
Glassford,609,275,334,609,-,3,15,41.09
Glenboig,"2,681","1,313","1,368","2,681",-,4,77,34.66
Glenfarg,639,314,325,636,3,10,52,12.22
Glenluce,635,306,329,633,2,1,33,19.26
Glenmavis,"2,285","1,137","1,148","2,285",-,7,48,47.12
Glenrothes,"47,748","23,131","24,617","47,370",378,316,"2,353",20.29
Golspie,"1,407",673,734,"1,387",20,14,108,13.02
Gorebridge,"6,328","3,017","3,311","6,259",69,21,143,44.35
Gourdon,789,405,384,789,-,4,27,28.95
Grantown-on-Spey,"2,428","1,143","1,285","2,324",104,23,131,18.56
Greater Glasgow,"1,209,143","580,857","628,286","1,189,230","19,913","4,313","37,066",32.62
Greengairs and Wattson,"1,004",496,508,"1,004",-,1,64,15.7
Greenlaw,653,312,341,648,5,8,44,14.74
Greenock,"70,313","33,592","36,721","69,216","1,097",242,"2,044",34.39
Gretna,"3,147","1,521","1,626","3,136",11,18,140,22.49
Gullane,"2,568","1,214","1,354","2,527",41,51,104,24.76
Haddington,"9,064","4,381","4,683","8,978",86,112,283,32.03
Halkirk,982,485,497,982,-,15,107,9.17
Hallglen,"3,227","1,552","1,675","3,227",-,10,67,48.14
Hamilton,"70,428","33,881","36,547","69,817",611,180,"2,137",32.96
Harthill,"3,707","1,802","1,905","3,707",-,8,94,39.48
Hatton of Cruden,882,443,439,882,-,7,37,23.63
Hawick,"14,294","6,913","7,381","14,176",118,91,514,27.79
Helensburgh,"15,866","7,630","8,236","15,612",254,230,712,22.29
High Valleyfield,"3,017","1,475","1,542","3,017",-,14,105,28.85
Hillside,"1,146",557,589,"1,131",15,17,133,8.59
Hopeman,"1,724",839,885,"1,719",5,35,124,13.85
Houston,"6,396","3,132","3,264","6,396",-,68,208,30.7
Huntly,"4,768","2,271","2,497","4,677",91,37,193,24.66
Hurlford and Crookedholm,"4,846","2,283","2,563","4,772",74,13,143,33.85
Inchture,"1,155",547,608,"1,155",-,11,40,29.16
Innellan,"1,195",567,628,"1,195",-,13,153,7.84
Innerleithen,"3,031","1,476","1,555","3,000",31,43,145,20.93
Insch,"2,282","1,091","1,191","2,241",41,21,99,23.02
Inveraray,596,301,295,578,18,6,37,16.18
Inverbervie,"2,233","1,065","1,168","2,209",24,22,75,29.76
Invergordon,"4,075","1,987","2,088","3,990",85,31,415,9.82
Inverkip,"3,058","1,530","1,528","3,058",-,18,93,32.83
Inverness,"61,235","29,732","31,503","60,195","1,040",725,"2,663",22.99
Inverurie,"12,654","6,178","6,476","12,538",116,95,518,24.41
Irvine,"37,317","17,782","19,535","36,983",334,145,"1,636",22.81
Jedburgh,"4,030","1,895","2,135","4,000",30,48,154,26.12
Johnshaven,672,347,325,672,-,4,22,30.71
Keith,"4,734","2,299","2,435","4,653",81,36,229,20.68
Kelso,"5,639","2,614","3,025","5,560",79,69,193,29.18
Kelty,"6,529","3,145","3,384","6,489",40,27,185,35.27
Kemnay,"3,739","1,820","1,919","3,699",40,34,118,31.77
Kilbirnie,"7,642","3,658","3,984","7,620",22,13,295,25.94
Kilcreggan,"1,309",664,645,"1,309",-,10,156,8.37
Killearn,"1,701",810,891,"1,694",7,62,96,17.75
Killin,765,370,395,719,46,13,114,6.71
Kilmacolm,"3,986","1,876","2,110","3,986",-,121,179,22.32
Kilmarnock,"46,159","22,066","24,093","45,825",334,197,"1,470",31.4
Kilmaurs,"2,833","1,317","1,516","2,825",8,14,81,34.99
Kilsyth,"9,885","4,744","5,141","9,849",36,38,315,31.39
Kilwinning,"16,599","7,857","8,742","16,452",147,45,501,33.1
Kincardine,"2,834","1,380","1,454","2,784",50,18,91,31.21
Kinghorn,"2,826","1,328","1,498","2,782",44,33,107,26.37
Kinglassie,"1,684",818,866,"1,666",18,5,49,34.09
Kingseat (Aberdeenshire),688,329,359,688,-,2,33,20.92
Kingseat (Fife),801,385,416,798,3,5,31,25.53
Kingskettle,"1,002",490,512,"1,002",-,10,33,29.96
Kingswells,"4,483","2,166","2,317","4,413",70,42,150,29.95
Kingussie,"1,476",722,754,"1,443",33,16,124,11.9
Kinlochleven,896,408,488,889,7,7,79,11.34
Kinloss,"1,052",536,516,"1,052",-,12,118,8.95
Kinnesswood,482,237,245,480,2,18,28,17.2
Kinross,"4,891","2,328","2,563","4,872",19,97,202,24.18
Kintore,"4,476","2,177","2,299","4,474",2,36,188,23.83
Kippen,"1,026",488,538,"1,026",-,27,58,17.82
Kirkcaldy and Dysart,"49,709","23,986","25,723","49,147",562,341,"1,889",26.32
Kirkconnel,"2,141","1,022","1,119","2,141",-,6,99,21.66
Kirkcudbright,"3,352","1,669","1,683","3,301",51,31,161,20.87
Kirkfieldbank,962,477,485,962,-,-,55,17.62
Kirkhill,688,333,355,688,-,9,42,16.41
Kirkintilloch,"28,837","13,973","14,864","28,719",118,149,867,33.25
Kirkliston,"3,386","1,623","1,763","3,378",8,19,89,38.2
Kirkmuirhill and Blackwood,"4,242","2,068","2,174","4,209",33,22,115,36.93
Kirknewton,"1,933",948,985,"1,933",-,8,46,42.33
Kirkwall,"7,045","3,406","3,639","6,972",73,122,363,19.39
Kirriemuir,"6,085","2,913","3,172","6,014",71,58,216,28.22
Kyle of Lochalsh,649,334,315,648,1,9,119,5.43
Ladybank,"1,503",747,756,"1,503",-,17,52,28.97
Lamlash,957,445,512,949,8,13,110,8.74
Lanark,"8,855","4,231","4,624","8,703",152,88,322,27.51
Langbank,932,463,469,932,-,6,50,18.76
Langholm,"2,227","1,085","1,142","2,215",12,30,100,22.23
Largs,"11,340","5,299","6,041","11,138",202,115,348,32.63
Larkhall,"16,407","7,694","8,713","16,228",179,39,658,24.94
Lauder,"1,699",839,860,"1,698",1,21,59,28.94
Laurencekirk,"2,925","1,419","1,506","2,844",81,24,112,26.15
Law,"3,233","1,556","1,677","3,233",-,9,78,41.39
Lennoxtown,"4,094","1,962","2,132","4,039",55,9,145,28.25
Lerwick,"6,958","3,531","3,427","6,868",90,116,497,13.99
Lesmahagow,"4,330","2,026","2,304","4,285",45,15,138,31.43
Letham,"1,586",747,839,"1,584",2,19,103,15.46
Leuchars,"3,297","1,760","1,537","2,934",363,40,594,5.55
Lhanbryde,"2,026","1,002","1,024","2,026",-,18,58,34.96
Liff,778,382,396,778,-,2,37,21.13
Limekilns,"1,377",662,715,"1,377",-,32,63,21.82
Linlithgow,"13,462","6,587","6,875","13,331",131,236,442,30.45
Livingston,"64,466","31,485","32,981","64,080",386,400,"3,016",21.37
Loanhead,"6,294","3,018","3,276","6,215",79,14,264,23.84
Loans,692,310,382,692,-,8,18,38.7
Locharbriggs,"6,031","2,915","3,116","6,030",1,40,292,20.65
Lochgilphead,"2,392","1,161","1,231","2,353",39,56,143,16.79
Lochmaben,"1,942",958,984,"1,937",5,17,102,19.12
Lochwinnoch,"2,880","1,402","1,478","2,880",-,27,88,32.81
Lockerbie,"4,287","2,049","2,238","4,202",85,32,238,17.99
Logan,"1,260",604,656,"1,260",-,10,55,22.95
Longforgan,937,435,502,935,2,6,52,17.94
Longniddry,"2,488","1,234","1,254","2,488",-,42,98,25.35
Longridge,903,447,456,903,-,5,25,35.95
Longside,917,455,462,912,5,6,38,23.99
Lossiemouth,"7,705","4,007","3,698","7,104",601,47,214,36.08
Lower Largo and Lundin Links,"1,900",863,"1,037","1,873",27,36,84,22.58
Lumphanan,555,280,275,555,-,11,23,24.12
Luncarty,"1,661",794,867,"1,627",34,37,121,13.76
Macduff,"4,009","1,984","2,025","3,995",14,31,131,30.66
Macmerry,"1,345",661,684,"1,345",-,4,93,14.41
Maidens,461,216,245,457,4,6,45,10.26
Mallaig,806,389,417,794,12,6,62,13.09
Mauchline,"4,099","1,974","2,125","4,082",17,30,117,34.95
Maud,854,426,428,854,-,3,50,16.94
Maxwellheugh,"1,220",598,622,"1,220",-,16,68,17.96
Maybole,"4,760","2,261","2,499","4,730",30,38,141,33.71
Melrose,"2,307","1,082","1,225","2,263",44,42,146,15.84
Menstrie,"2,804","1,356","1,448","2,764",40,25,86,32.78
Methven,"1,094",534,560,"1,072",22,21,75,14.62
Millport,"1,275",618,657,"1,245",30,13,90,14.11
Milnathort,"1,890",859,"1,031","1,857",33,40,69,27.28
Milton and Kildary,619,316,303,619,-,3,40,15.58
Milton of Campsie,"3,889","1,824","2,065","3,792",97,22,110,35.27
Mintlaw,"2,721","1,306","1,415","2,720",1,26,144,18.85
Moffat,"2,582","1,209","1,373","2,535",47,45,155,16.67
Moniaive,487,224,263,486,1,2,53,9.25
Monkton,918,448,470,913,5,4,178,5.15
Montrose,"12,875","6,266","6,609","12,725",150,73,478,26.96
Moodiesburn,"6,895","3,294","3,601","6,895",-,21,141,48.79
Mossblown,"2,186","1,040","1,146","2,186",-,8,55,40.04
Mosstodloch,"1,022",503,519,"1,022",-,10,43,23.85
Muir of Ord,"2,555","1,271","1,284","2,527",28,23,210,12.18
Muirkirk,"1,528",737,791,"1,528",-,5,104,14.73
Muthill,747,353,394,719,28,8,38,19.74
Nairn,"9,773","4,646","5,127","9,566",207,123,438,22.29
Neilston,"5,321","2,565","2,756","5,321",-,17,126,42.08
Netherburn,743,370,373,743,-,1,51,14.64
Nethy Bridge,644,306,338,638,6,5,84,7.69
New Cumnock,"2,860","1,371","1,489","2,860",-,9,246,11.63
New Deer,641,317,324,641,-,4,27,23.7
New Pitsligo,"1,103",548,555,"1,103",-,4,40,27.82
New Scone,"4,886","2,283","2,603","4,832",54,66,179,27.28
Newburgh (Aberdeenshire),"1,436",717,719,"1,430",6,29,49,29.09
Newburgh and Burnside,"2,137","1,065","1,072","2,113",24,7,68,31.65
Newcastleton,768,379,389,763,5,7,36,21.21
Newmachar,"2,460","1,207","1,253","2,460",-,21,64,38.49
Newport-on-Tay and Wormit,"4,243","2,013","2,230","4,159",84,99,143,29.66
Newton Stewart,"4,092","1,970","2,122","4,001",91,45,181,22.58
Newtonhill,"2,982","1,466","1,516","2,982",-,31,84,35.6
Newtonmore,"1,094",514,580,"1,067",27,19,149,7.34
Newtown St Boswells,"1,279",630,649,"1,279",-,9,137,9.33
Newtyle,750,366,384,750,-,5,36,20.99
North Berwick,"6,605","3,145","3,460","6,455",150,177,342,19.3
North Kessock,921,437,484,921,-,20,70,13.15
North Queensferry,"1,076",528,548,"1,072",4,14,66,16.39
Oakley,"3,965","1,968","1,997","3,965",-,33,136,29.14
Oban,"8,574","4,182","4,392","8,313",261,89,416,20.59
Ochiltree,"1,046",495,551,"1,046",-,9,37,28.52
Oldmeldrum,"3,212","1,576","1,636","3,182",30,32,145,22.18
Ormiston,"2,079","1,021","1,058","2,079",-,17,51,40.43
Overtown,"3,341","1,699","1,642","3,341",-,6,67,49.84
Pathhead,982,485,497,982,-,3,23,42.14
Patna,"2,206","1,068","1,138","2,135",71,2,97,22.75
Peebles,"8,376","3,990","4,386","8,273",103,139,363,23.09
Pencaitland,"1,515",739,776,"1,515",-,33,67,22.45
Penicuik,"15,926","7,734","8,192","15,691",235,112,390,40.81
Perth,"46,970","22,902","24,068","45,647","1,323",422,"1,738",27.02
Peterculter,"7,136","3,471","3,665","6,791",345,124,495,14.41
Peterhead,"18,537","9,206","9,331","18,156",381,92,728,25.45
Pitlochry,"2,776","1,281","1,495","2,562",214,40,224,12.39
Pitmedden,"1,444",719,725,"1,444",-,19,40,36.35
Plean,"2,027",973,"1,054","1,982",45,5,68,29.74
Port Bannatyne,"1,210",576,634,"1,200",10,17,59,20.67
Port Ellen,846,413,433,846,-,17,51,16.71
Port William,523,244,279,522,1,4,26,19.92
Portgordon,844,422,422,844,-,8,38,21.99
Portknockie,"1,269",625,644,"1,267",2,14,55,23.12
Portlethen,"7,271","3,576","3,695","7,212",59,38,219,33.15
Portpatrick,534,256,278,534,-,4,55,9.77
Portree,"2,318","1,092","1,226","2,240",78,36,210,11.03
Portsoy,"1,752",847,905,"1,714",38,13,73,23.89
Potterton,899,469,430,899,-,1,42,21.55
Prestonpans,"9,140","4,409","4,731","9,140",-,41,193,47.25
Quarrier's Village,588,271,317,479,109,4,45,12.97
Quarter,755,357,398,739,16,8,20,37.41
Queensferry,"9,026","4,385","4,641","9,024",2,100,286,31.56
Ratho,"1,634",795,839,"1,634",-,23,55,29.67
Ratho Station,"1,074",522,552,"1,074",-,4,714,1.5
Rigside,790,382,408,790,-,3,23,34.27
Rosehearty,"1,322",635,687,"1,321",1,6,49,27.15
Rosemarkie,680,307,373,634,46,22,27,25.51
Rosewell,"1,566",756,810,"1,548",18,7,57,27.65
Roslin,"1,642",783,859,"1,642",-,20,43,38.35
Rosneath,849,396,453,844,5,4,31,27.8
Rothes,"1,252",594,658,"1,247",5,13,54,23
Rothesay,"4,637","2,181","2,456","4,574",63,53,235,19.71
Rothienorman,913,458,455,913,-,9,31,29.57
Saline,"1,097",550,547,"1,097",-,16,43,25.73
Salsburgh,"1,371",670,701,"1,371",-,8,34,40.25
Sandhaven,824,421,403,824,-,5,22,38.05
Sanquhar,"2,021",974,"1,047","1,969",52,11,104,19.35
Scalloway,"1,159",592,567,"1,143",16,11,57,20.18
Seafield,"1,380",668,712,"1,380",-,6,41,33.45
Selkirk,"5,784","2,814","2,970","5,711",73,72,240,24.11
Shieldhill,"2,523","1,241","1,282","2,523",-,9,55,45.66
Shotts,"8,801","4,534","4,267","8,224",577,16,266,33.05
Slamannan,"1,359",657,702,"1,355",4,-,71,19.14
Springfield,931,452,479,931,-,10,25,37.79
Springside,"1,259",587,672,"1,259",-,1,38,33.32
St Andrews,"16,870","7,693","9,177","13,109","3,761",212,491,34.38
St Boswells,"1,494",702,792,"1,493",1,21,65,22.93
St Combs,646,308,338,644,2,10,20,31.69
St Cyrus,"1,071",537,534,"1,068",3,14,44,24.49
St Fergus,742,384,358,742,-,4,34,22.07
St Madoes and Glencarse,"1,181",577,604,"1,176",5,18,81,14.52
St Monans,"1,265",648,617,"1,265",-,17,36,35.28
Stanley,"1,443",692,751,"1,441",2,9,132,10.96
Steornabhagh (Stornoway),"5,714","2,677","3,037","5,483",231,80,385,14.86
Stewarton,"7,065","3,332","3,733","7,063",2,36,226,31.3
Stirling,"48,051","22,890","25,161","44,715","3,336",448,"2,048",23.47
Stonehaven,"11,431","5,563","5,868","11,248",183,138,323,35.35
Stonehouse,"5,506","2,657","2,849","5,415",91,18,140,39.32
Stoneyburn,"4,041","2,257","1,784","3,525",516,5,184,21.93
Stow,718,357,361,718,-,19,45,15.87
Stranraer,"10,593","5,030","5,563","10,480",113,113,376,28.16
Strathaven,"7,484","3,643","3,841","7,407",77,82,256,29.26
Strathblane,"1,964",914,"1,050","1,923",41,31,103,19.14
Strathkinness,709,352,357,704,5,32,29,24.79
Strathmiglo,881,413,468,881,-,12,36,24.17
Strathpeffer,"1,109",557,552,"1,043",66,12,81,13.71
Strichen,963,476,487,957,6,2,34,27.99
Stromness,"1,758",820,938,"1,729",29,26,89,19.77
Stuartfield,670,310,360,670,-,12,24,27.38
Symington (South Ayrshire),"1,106",531,575,"1,106",-,9,68,16.26
Symington (South Lanarkshire),693,334,359,693,-,19,102,6.8
Tain,"3,655","1,728","1,927","3,631",24,39,223,16.41
Tarbert,"1,179",581,598,"1,178",1,16,103,11.47
Tarbolton,"1,674",827,847,"1,674",-,5,44,38.06
Tarland,698,334,364,694,4,9,36,19.47
Tarves,982,471,511,982,-,11,34,29.18
Tayport,"3,815","1,812","2,003","3,770",45,39,132,29
Thankerton,521,248,273,521,-,2,82,6.36
Thornhill (Dumfries & Galloway),"1,674",782,892,"1,627",47,26,85,19.77
Thornhill (Stirling),513,261,252,513,-,18,30,17.3
Thurso,"7,933","3,828","4,105","7,859",74,118,303,26.22
Tighnabruaich,528,264,264,520,8,8,385,1.37
Tillicoultry,"5,968","2,933","3,035","5,946",22,61,220,27.13
Tobermory,954,459,495,939,15,22,148,6.45
Torphichen,575,268,307,575,-,5,25,23.32
Torphins,"1,380",676,704,"1,338",42,35,80,17.28
Torrance,"2,375","1,162","1,213","2,375",-,26,79,29.95
Townhill,"1,162",563,599,"1,150",12,6,29,40.17
Tranent,"11,642","5,668","5,974","11,565",77,55,273,42.66
Troon,"14,752","7,018","7,734","14,703",49,182,593,24.87
Turriff,"5,177","2,482","2,695","5,122",55,40,175,29.63
Twechar,"1,161",573,588,"1,161",-,2,57,20.46
Ullapool,"1,541",731,810,"1,473",68,26,159,9.7
Uplawmoor,552,279,273,552,-,8,26,20.87
Walkerburn,700,358,342,699,1,4,36,19.39
Waterfoot,"1,275",613,662,"1,275",-,13,36,35.57
Wellbank,608,305,303,608,-,4,30,20.47
Wemyss Bay,"4,687","2,298","2,389","4,686",1,34,193,24.26
West Barns,583,281,302,583,-,3,25,23.2
West Calder,"5,505","2,652","2,853","5,454",51,31,186,29.58
West Kilbride,"4,783","2,266","2,517","4,759",24,37,183,26.11
West Linton,"1,547",728,819,"1,547",-,38,81,19.02
Westhill (Aberdeenshire),"10,984","5,335","5,649","10,922",62,107,423,25.97
Whitburn,"11,748","5,639","6,109","11,662",86,41,315,37.24
Whitecraig,"1,198",584,614,"1,198",-,6,40,30.15
Whitecross,776,384,392,776,-,2,16,47.29
Whitehills,"1,085",530,555,"1,085",-,6,31,34.76
Whithorn,829,399,430,829,-,4,43,19.28
Whiting Bay,626,287,339,572,54,12,108,5.78
Wick,"7,155","3,508","3,647","7,053",102,84,868,8.25
Wigtown,921,441,480,921,-,8,40,23.28
Winchburgh,"2,490","1,208","1,282","2,490",-,6,76,32.85
Yetholm,546,267,279,544,2,4,30,18.43